date,close_t,fold,h5_q10,h5_q50,h5_q90,h5_true,h15_q10,h15_q50,h15_q90,h15_true,h30_q10,h30_q50,h30_q90,h30_true
2014-08-01,1293.6,1,1278.4613320467408,1301.02330616584,1322.552644582839,1308.90001373291,1277.0626119179774,1321.9993964941905,1346.4212063649627,1278.6000001430511,1277.1186511082406,1334.3280662090046,1385.45980863134,1233.6000005722044
2014-08-04,1287.7,1,1273.424712872045,1296.6909788520452,1314.880227746254,1308.5000361919404,1271.5652559260482,1314.5328666138312,1341.3183101043346,1277.29998190403,1269.0453003683683,1333.178589481477,1377.14147531925,1235.200017875433
2014-08-05,1284.0,1,1268.5627046447692,1293.877077144163,1311.3722484212522,1308.800006389618,1265.5081046626783,1310.0451278998746,1340.8572629679045,1283.8000209331512,1261.6192434848404,1332.2098983536866,1376.964079674088,1234.3999872207642
2014-08-06,1306.7,1,1291.8335334829476,1316.1304526902145,1335.8929348139511,1312.7999836921692,1290.453695963212,1336.5779197328077,1363.1295603911665,1281.8999679863452,1285.8543550068655,1355.6635341560716,1400.8140940968997,1225.6999739527705
2014-08-07,1310.8,1,1299.285138082086,1319.2711481379815,1334.6842235433055,1313.9000329494477,1298.2903478019264,1334.6613591771295,1358.0683036872967,1288.699979329109,1298.7669127643594,1352.4393250759963,1389.936101813617,1215.300030875206
2014-08-08,1308.9,1,1293.762954510087,1317.1962462721344,1338.1033745056625,1304.500024330616,1292.3278017288796,1337.997527914853,1363.543085309513,1285.800010710955,1290.555749761928,1353.2072033758589,1402.2711476032227,1216.8000163614752
2014-08-11,1308.5,1,1292.6050207615722,1315.671992609847,1337.437946838963,1297.6999639570713,1290.4735161391814,1335.6872295755184,1361.818135703601,1263.699992030859,1292.1133428110145,1347.4816027096304,1401.6790618362272,1221.0000149011612
2014-08-12,1308.8,1,1293.944920315011,1317.8066626855953,1336.9850793110963,1295.100019645691,1292.0636030086987,1336.6233120437262,1363.8180535696615,1268.9000173568725,1289.5014870348166,1354.8909012193194,1401.013220432562,1218.599979019165
2014-08-13,1312.8,1,1295.7939302975108,1322.6585444203513,1340.705829821636,1293.3999657154084,1291.4806750507153,1337.5471378015911,1371.937933375994,1265.099970960617,1289.0201580507587,1360.0906040693362,1409.6623974823194,1221.2000252723694
2014-08-14,1313.9,1,1294.60618037194,1321.7510837075718,1344.6524913456092,1273.6999704778195,1290.849128376869,1338.1036480965545,1372.3739965348348,1265.7999909758569,1288.4807430443143,1357.762928151783,1408.8919937378985,1214.1000190496443
2014-08-15,1304.5,1,1284.4325680299787,1313.8802803696858,1336.1131179318477,1278.5999785363674,1280.0170254258771,1330.2884357021153,1367.5805833403592,1252.700034826994,1274.242942950157,1354.3098307250514,1405.1808049447284,1217.4999819397926
2014-08-18,1297.7,1,1278.281859258829,1308.1905778549783,1327.482210397682,1277.29998857975,1272.8347263306423,1322.5017899048814,1361.72798957476,1246.799983638525,1267.5130819028648,1348.7004276552866,1400.0140344674612,1210.499967867136
2014-08-19,1295.1,1,1272.3776475003822,1303.8273027082373,1327.9908417296947,1283.8000370979307,1266.4934897863016,1318.8856519270444,1360.5572008293136,1243.4999958872795,1261.5882992726322,1342.7251189236283,1399.1631085334282,1214.5999609708786
2014-08-20,1293.4,1,1269.4096672210542,1300.6708634533538,1326.217722227534,1281.9000126719477,1263.1901286497084,1313.010970348545,1356.3784820176115,1237.3999779105188,1259.6707837801869,1336.7326641454604,1391.141014288819,1214.2000249266623
2014-08-21,1273.7,1,1250.265108878354,1281.4930749058956,1305.8358770065825,1288.699964594841,1243.783853567302,1294.030317570183,1337.174680440728,1229.8999970972538,1240.307862750926,1317.5847818022794,1373.3657069278267,1192.1999646127224
2014-08-22,1278.6,1,1253.409099502184,1284.3697409748686,1310.2507356566507,1285.8000630855558,1247.1155700359209,1290.0365308955052,1336.7627460664007,1233.5999867677688,1242.4005670295717,1319.2800903755965,1360.0893565244478,1206.6999670028686
2014-08-25,1277.3,1,1255.7658296788886,1286.2096506436226,1305.9444950222976,1263.699979263544,1248.564594866536,1294.981892109787,1339.064629624883,1235.199966597557,1246.2632108508997,1321.5851948842414,1373.3725746171872,1211.6999895453453
2014-08-26,1283.8,1,1263.5950107944527,1293.098149178922,1312.3161597301,1268.9000158667563,1257.3740277581348,1303.528835696222,1344.8637197775995,1234.4000089526176,1254.1723822356598,1329.893798265318,1379.3249446459442,1205.2999731779098
2014-08-27,1281.9,1,1262.529013860932,1293.50814148047,1314.1924241229278,1265.0999681890012,1261.1040448396373,1309.013745353729,1352.473634122957,1225.6999872744084,1253.184960948547,1338.5592077914398,1392.2367229335428,1224.600029307604
2014-08-28,1288.7,1,1267.5320737227305,1297.3688933673532,1317.1311621371894,1265.7999644815925,1260.7784860158868,1305.7975854198291,1349.0893348350514,1215.2999666571618,1258.4578938562456,1332.6979646729192,1381.70467318531,1220.9999922692775
2014-08-29,1285.8,1,1267.602967967869,1296.5461334976214,1313.2897797473877,1252.7000239491465,1261.73389256392,1308.793758156976,1347.8600145509267,1216.8000182032586,1258.017363038752,1335.182982743148,1385.3716044679811,1229.300022125244
2014-09-02,1263.7,1,1246.5627780500708,1273.5771411211365,1295.837348521538,1246.7999907672406,1246.4269917534818,1294.393737600455,1327.0657219830407,1220.9999633014202,1239.6346685129347,1315.7598241698852,1367.0569280876366,1233.599967956543
2014-09-03,1268.9,1,1251.2750761752404,1279.4045269320238,1296.6972057685591,1243.500015193224,1246.217220493632,1293.2389243539085,1329.9348048593797,1218.6000357449057,1241.827893772277,1318.3321971276089,1367.3327619837405,1244.1000064969064
2014-09-04,1265.1,1,1247.4849409205297,1274.1740945317404,1295.3631891886112,1237.399967730045,1244.1362386630458,1293.5571799328125,1324.8904020845669,1221.200004118681,1240.3375733390587,1311.9548182502556,1365.289705001456,1240.499977058172
2014-09-05,1265.8,1,1246.350827446034,1276.1470204665409,1297.0845137533831,1229.9000141739846,1241.5496641464842,1294.2550106600838,1330.9454910174352,1214.1000126361846,1235.339729449464,1317.2892924676803,1372.5492872825848,1238.2999681949616
2014-09-08,1252.7,1,1235.7334706034642,1262.528929252253,1283.7139329084937,1233.6000242888929,1233.339853782706,1283.7877942581042,1313.5268109026872,1217.5000087976457,1226.2364005806462,1304.0594765618491,1353.423541751467,1243.9999809622766
2014-09-09,1246.8,1,1230.40673061625,1256.2358388384598,1277.4876554472326,1235.200011920929,1229.2446789353514,1276.9615568350666,1306.6111455002915,1210.4999860525131,1223.231079367181,1296.502674670856,1345.6555257711816,1250.9999905586242
2014-09-10,1243.5,1,1227.3370802286336,1255.4111817390803,1277.465802435169,1234.3999681770802,1232.7860384837204,1275.0131144410427,1313.8956993601068,1214.5999852716925,1220.693884955085,1305.4403796128502,1350.8782898352183,1244.8000363111496
2014-09-11,1237.4,1,1224.5044772950198,1245.5546702950005,1266.4315704218543,1225.6999830484392,1225.3245122693322,1269.548601015788,1288.7188015821037,1214.199989080429,1220.3542728091843,1283.4090738971468,1325.2588715248485,1228.5000097990037
2014-09-12,1229.9,1,1215.277478773479,1239.5503838275308,1262.071955154326,1215.3000279903413,1220.7073236228346,1260.4647681844187,1292.1266517246238,1192.2000220656396,1213.3395618414202,1282.5354261937143,1328.6497605914233,1231.2000396847725
2014-09-15,1233.6,1,1218.9205919842127,1245.902792206866,1268.2404681706828,1216.8000357627868,1230.076219767271,1263.7828448246362,1306.5567238275787,1206.699969291687,1217.3698397350288,1297.9504117690767,1340.5358480899192,1229.099995136261
2014-09-16,1235.2,1,1223.0607908291292,1247.3137891067493,1268.4308029497815,1220.9999843597411,1235.4241218606396,1266.6447832626286,1303.234298487522,1211.6999912261963,1222.2210947945885,1299.419018678184,1334.7507428306062,1229.199966430664
2014-09-17,1234.4,1,1221.5897985507322,1245.4621351181397,1270.0554878907146,1218.6000011444094,1235.352769147883,1268.5856986278395,1303.1269102756908,1205.2999667167664,1222.835228968151,1296.721290325559,1337.5958301470605,1224.30000538826
2014-09-18,1225.7,1,1213.3940982176518,1238.1847185015065,1260.7098403173115,1221.200028640032,1227.9791606823117,1258.7867940100052,1296.893568354618,1224.5999745309352,1212.849525288129,1293.0496401709904,1328.848143090455,1198.1000051915646
2014-09-19,1215.3,1,1201.2688202954369,1228.9546247274764,1256.7261240006842,1214.0999999642372,1220.60168443128,1255.0859541559475,1297.3121931389412,1220.9999639511109,1199.2116511536078,1292.7180242534782,1333.1067792348656,1171.0999986827374
2014-09-22,1216.8,1,1203.8990477135849,1230.5956924595782,1252.7534869507676,1217.5000299453734,1217.6200930590965,1251.1346752904635,1291.5482898274931,1229.3000166893005,1199.041916728881,1288.6087056092083,1323.500633998677,1169.4000237464904
2014-09-23,1221.0,1,1207.9293031600116,1236.1005299134167,1261.6586153836645,1210.499986410141,1228.1307752390446,1260.376156828121,1304.6159792776923,1233.5999289751053,1204.0003203581334,1303.829392254837,1337.7357196560097,1167.3999763727188
2014-09-24,1218.6,1,1208.195107830129,1232.2752977041407,1253.8368375046402,1214.6000334978105,1223.721734752386,1252.9100192005733,1289.741283657164,1244.0999861955645,1205.2540255799538,1287.589207902456,1318.6411944889549,1145.4000319361685
2014-09-25,1221.2,1,1209.04525215852,1235.4615936984194,1255.7552565478477,1214.2000089645387,1217.5608732399153,1252.0612244499457,1292.589193975875,1240.5000543117524,1200.4245526817674,1282.2556857488644,1321.7356808127795,1142.3000095367431
2014-09-26,1214.1,1,1206.2292262689652,1226.6908041839135,1244.842781228897,1192.2000223875043,1210.3112988204914,1242.9276800914172,1270.6719477577622,1238.3000585317611,1197.6457812739072,1256.8331068386883,1295.1151316724877,1169.5999760985374
2014-09-29,1217.5,1,1205.3107756090878,1230.1464753594344,1253.3962906591178,1206.6999699175358,1205.8563458048452,1241.405021481129,1281.0013832078844,1244.0000408887863,1192.0841268358745,1250.1774456376709,1302.8413563812976,1159.6000100672245
2014-09-30,1210.5,1,1196.0980925312326,1219.3569815579974,1243.08403659587,1211.7000224590302,1189.15831824241,1224.3238209903031,1260.7094484637548,1251.0000364780426,1180.4897956633229,1226.1756238058565,1274.0312035001305,1162.7999730706215
2014-10-01,1214.6,1,1203.3041869538663,1227.497158065303,1248.6292754685517,1205.300035333633,1208.6031019564734,1244.2229844032245,1279.8620056332811,1244.8000534057617,1195.0385430213798,1262.428793485349,1308.57557850752,1158.8999734163283
2014-10-02,1214.2,1,1205.1637092438305,1222.4602473774964,1237.3914536224206,1224.5999953508378,1203.4762457623797,1235.5127446107383,1256.835716743076,1228.499975514412,1203.7288566149284,1244.209863754278,1283.5940958501935,1161.09996945858
2014-10-03,1192.2,1,1179.3768642700015,1202.4915946389992,1223.3204660636934,1221.0000317573547,1178.753961836887,1217.9325727553844,1249.8396469847949,1231.199936413765,1172.3966426959012,1227.083944958414,1280.9799684443572,1184.9999920606613
2014-10-06,1206.7,1,1191.5728910193534,1219.9409291748966,1241.8728613827614,1229.2999621868134,1187.311691335962,1234.8867896509385,1274.2020364098971,1229.1000108957292,1174.509164561396,1245.6499656027604,1306.7700726236503,1183.0000180125237
2014-10-07,1211.7,1,1191.1873742665136,1216.517341314955,1247.5114064245265,1233.6000200986862,1184.662319644111,1230.833238773101,1261.106112694118,1229.200053656101,1175.6696904161004,1236.8975591142002,1280.9484518873523,1196.7000159144402
2014-10-08,1205.3,1,1187.8738104549016,1211.222935967639,1237.4818422642802,1244.1000019431117,1181.304294453094,1225.1162637093132,1252.7421359833584,1224.3000594615935,1175.1158853649754,1230.0149004547493,1275.2933467005334,1193.599968677759
2014-10-09,1224.6,1,1207.8008339890544,1228.6824342198645,1253.726425726756,1240.499960231781,1199.632128333368,1234.4677202266384,1263.3038785703131,1198.1000176191328,1197.0321308771654,1237.810463890129,1275.2686599442277,1190.7000310778617
2014-10-10,1221.0,1,1212.4199096259474,1230.8474751325864,1246.1825247024626,1238.300030708313,1205.4274560010272,1244.558863258461,1263.8486151171653,1171.0999728441238,1201.425405352025,1245.4572496650335,1289.1501715655625,1197.5000007748604
2014-10-13,1229.3,1,1218.0130086830636,1241.0692069708855,1254.6132097822035,1243.999973142147,1214.728806299295,1246.8929257530756,1284.017525562727,1169.4000017762185,1210.5381752804144,1263.8915212923744,1308.8887914725187,1195.4999974548816
2014-10-14,1233.6,1,1224.2336905937557,1245.7524571683912,1261.9318604229195,1251.0000286102295,1224.8385753461357,1255.063008352177,1288.8272972299633,1167.3999807357786,1216.3033385213769,1269.9684357015108,1310.824273531695,1197.0999687194824
2014-10-15,1244.1,1,1228.042351809183,1257.3595168982013,1277.8929077118407,1244.800015068054,1225.908972730809,1263.5116275197113,1314.2109237680988,1145.4000258743763,1216.3989437281784,1281.6295963409273,1341.716095530302,1196.59997330904
2014-10-16,1240.5,1,1225.1149147225326,1249.6066068719958,1270.507851236255,1228.4999788105488,1225.2378960835972,1263.238100157021,1299.6997811510137,1142.2999806404114,1223.3158515551004,1278.827643616322,1333.682129221932,1175.199980199337
2014-10-17,1238.3,1,1216.0350772817803,1248.0473701113533,1257.084580056617,1231.199997919798,1203.1924837519782,1238.559705772202,1296.2648724105434,1169.5999975442885,1206.312906972992,1272.4551096930686,1317.7965385941084,1218.0000241994858
2014-10-20,1244.0,1,1221.1206067444316,1255.382763168782,1276.609905012093,1229.0999977588654,1221.2918314995206,1259.3359650306943,1319.026263547291,1159.600020647049,1211.4672215213511,1301.6180690769331,1347.553783978833,1199.1999673843384
2014-10-21,1251.0,1,1234.570690499764,1261.598005494266,1284.82905674616,1229.1999819874763,1242.0920234133644,1275.2806279627544,1319.6267234050365,1162.8000057935717,1232.762710000056,1305.6422356851008,1349.9199020822448,1208.5000274777412
2014-10-22,1244.8,1,1224.7033945994456,1253.1090608573284,1278.942650380245,1224.2999801635742,1229.9706641868156,1264.3725164838647,1310.5738737951128,1158.8999635696412,1220.3508596512274,1289.9510934839432,1331.8543599831537,1207.500033760071
2014-10-23,1228.5,1,1205.934869101948,1235.2830302632474,1263.1187037149473,1198.0999774038792,1211.7177796212782,1244.8485033784202,1293.7406536660403,1161.100028425455,1201.361863063314,1268.305517984579,1307.7915852993565,1190.1000022888184
2014-10-24,1231.2,1,1206.2670372671887,1235.6062831069603,1266.0963535197309,1171.0999846458435,1208.188247936759,1238.7008451276524,1289.5603079211633,1185.0000294685365,1197.5449561759124,1257.4258045388156,1290.8260755004742,1194.7000169277192
2014-10-27,1229.1,1,1200.9236557751478,1236.215213331652,1264.946781354886,1169.4000035583972,1202.584617041562,1243.6049649381766,1299.0584022799096,1183.000002747774,1184.0301972868738,1255.6172081024067,1294.247039619127,1231.4999998569488
2014-10-28,1229.2,1,1197.182217063498,1234.3766814436656,1263.442256443529,1167.4000309705734,1197.4993577208074,1244.1410388212448,1298.842869345673,1196.699995303154,1180.3808333328443,1245.1491903663289,1288.3393941355002,1228.8999756097794
2014-10-29,1224.3,1,1196.237806922693,1227.5077228024625,1250.3365382338743,1145.400036495924,1190.2568420736752,1230.9775173174464,1276.2711117997758,1193.5999981999396,1183.0290435345942,1236.4220871200316,1270.1363688180213,1225.0999406218527
2014-10-30,1198.1,1,1172.4597437488376,1202.3682101311067,1235.0887448663543,1142.2999803900718,1169.8003312161495,1210.309822586198,1257.5125859726363,1190.6999692440031,1161.5276737375364,1217.1208211515557,1268.7822692600869,1221.999991250038
2014-10-31,1171.1,1,1144.7867305447432,1171.8967899162285,1203.5404294913485,1169.6000033438204,1144.9505660559028,1176.5204045244284,1220.1761304900194,1197.500052833557,1137.536768854376,1182.538528090665,1215.2218746757826,1207.200017249584
2014-11-03,1169.4,1,1142.7620200364945,1175.2430749828202,1203.912335720655,1159.6000146746635,1146.809397924743,1183.8978294510352,1235.6648420681825,1195.4999303340912,1131.4742015795464,1198.0836647852882,1235.3902577533008,1193.899998164177
2014-11-04,1167.4,1,1147.9685483063013,1171.6276339702183,1200.9021756727614,1162.799972999096,1158.1718170063484,1177.5859894598063,1222.3305047472018,1197.1000215530396,1150.0839810010957,1209.617668114798,1233.1156470815906,1194.3000232696534
2014-11-05,1145.4,1,1122.4662848020712,1145.01510655974,1178.035145343746,1158.8999392032624,1121.8682574043255,1147.3861358405975,1186.397354994646,1196.5999565362931,1119.110898792571,1162.6544886091608,1191.1196084023918,1194.699970149994
2014-11-06,1142.3,1,1115.8761112545378,1142.6137030463706,1174.0461197196073,1161.1000128269195,1117.5180060469932,1147.656987834402,1190.9880186674225,1175.2000224471092,1110.6152614050272,1157.9321525544008,1187.5612494123077,1195.9000539541244
2014-11-07,1169.6,1,1142.895326964992,1174.324312358119,1197.0481062440324,1185.0000114440918,1141.2686785982778,1186.4148069258486,1227.066255674251,1218.0000558853149,1128.6635650878432,1181.7729383895864,1219.8726553517013,1179.699965858459
2014-11-10,1159.6,1,1136.644737945512,1165.858656524951,1185.9884583796943,1183.0000216960907,1135.3747370061224,1175.483522018842,1216.3439339837555,1199.200068616867,1125.7291713433767,1182.8975376696685,1220.0910516511449,1177.8999762058256
2014-11-11,1162.8,1,1139.6806751325569,1167.6148553313687,1192.166421786176,1196.7000663757324,1138.837578689766,1174.6297732112666,1217.104783227395,1208.4999398231505,1131.1956062052789,1193.8721544690832,1227.235698147891,1173.4999510288235
2014-11-12,1158.9,1,1135.2220818340998,1162.0625497033243,1183.6024298235436,1193.59996329546,1130.6913527719928,1165.645554171554,1204.9690466590732,1207.4999529719353,1125.3608526089497,1176.9128993905383,1205.1597503022,1195.3000574469568
2014-11-13,1161.1,1,1143.3756709394977,1163.8238820535798,1183.0796168551262,1190.6999522328376,1141.0839639477576,1169.0362820257274,1198.6598837460256,1190.1000663638115,1141.192638364372,1179.91211669101,1205.2641912514714,1181.7000032305716
2014-11-14,1185.0,1,1162.0070532079044,1186.2756056827488,1212.1260125229344,1197.4999397993088,1157.9796472480775,1189.609359553829,1227.3906788017716,1194.6999657154083,1158.0147232800514,1206.4009216805505,1237.2356094131717,1200.20004093647
2014-11-17,1183.0,1,1163.1918161899623,1185.1376569583522,1207.0755561577057,1195.4999965429306,1158.9742170164816,1187.9481761685574,1222.9920991715576,1231.50004863739,1162.735060966632,1204.3802258697658,1237.455835183167,1183.9000189304352
2014-11-18,1196.7,1,1174.3063784292556,1198.711145285097,1223.3430574591673,1197.1000123500824,1170.4801144459327,1205.1569084341206,1240.7906584739976,1228.8999955773354,1170.5287255650114,1216.1775298307691,1251.969410102722,1186.000026279688
2014-11-19,1193.6,1,1170.599864896724,1197.9422670679292,1224.2590300065203,1196.6000045776366,1169.2837791350385,1202.5289636299824,1246.7850763701642,1225.1000480651855,1162.6039652469442,1214.3809718935136,1252.0500454454375,1203.8999588012691
2014-11-20,1190.7,1,1166.7216012444092,1190.8078095367885,1216.648779602843,1175.200020825863,1161.5655731822026,1191.9327835439829,1229.9932325541783,1222.0000247955322,1162.290285567822,1200.304226374117,1231.096629722368,1219.2999945402146
2014-11-21,1197.5,1,1174.7357966855575,1201.563209635467,1225.7290132597775,1218.000062406063,1172.5235559415994,1209.1337146228757,1247.5745372302526,1207.199932038784,1165.9614042771398,1225.0351733562522,1255.7257828715592,1210.6000259518623
2014-11-24,1195.5,1,1178.4704143582387,1198.2204887605628,1218.3847324446028,1199.199966788292,1175.845842541421,1204.698667795377,1233.7142704236892,1193.899987399578,1179.7962307576738,1216.449125208013,1249.1474455947216,1208.4000036120417
2014-11-25,1197.1,1,1172.2768290985005,1197.888631624981,1223.2228028526736,1208.5000241160392,1167.9381999506386,1202.271708088943,1240.377663456395,1194.2999765515326,1167.412136435836,1208.4277407704683,1242.6801794091955,1216.0000512480735
2014-11-26,1196.6,1,1176.690254294879,1198.3908292943645,1219.535304300273,1207.499996256828,1173.339373563069,1202.5963601835956,1235.30399838427,1194.7000287890432,1175.7775286585816,1211.4164788718592,1242.3055538431072,1232.6999522686003
2014-11-28,1175.2,1,1154.0405852294828,1175.7849815173531,1200.046742009367,1190.100058078766,1151.0345948316146,1178.1444772814898,1212.4123501220108,1195.899981021881,1152.132567335719,1192.5493722830574,1217.6506875651626,1234.2999539375303
2014-12-01,1218.0,1,1193.572141841306,1221.6015236413157,1244.2728257502051,1194.7000333070755,1188.9015670869098,1228.2306458285063,1267.6626493912408,1179.7000304460526,1184.2908424810155,1236.276780206026,1271.9452550124815,1234.3999915122986
2014-12-02,1199.2,1,1172.6486084857067,1201.292702160603,1223.5055911135184,1231.5000007629394,1167.5774732252644,1205.3176826484196,1246.2516707813668,1177.900017642975,1162.5137045229524,1205.4062049821189,1238.0484942080425,1264.700051116943
2014-12-03,1208.5,1,1179.7487229177557,1211.1579871117235,1231.9206046221225,1228.899954974651,1172.733044762879,1212.6901028656296,1257.971548638984,1173.4999797940254,1165.0598482292985,1207.9090549639182,1240.821416241836,1276.900060892105
2014-12-04,1207.5,1,1182.3262655075257,1211.8945944513628,1227.6884853157176,1225.100037753582,1176.9539553784257,1216.515265908779,1256.571590661776,1195.2999950945375,1169.4330416978623,1209.5410656009556,1241.4926096284664,1294.1999316215515
2014-12-05,1190.1,1,1164.361263804279,1194.9041445552652,1210.62119381974,1221.9999725818634,1160.231944770402,1198.915237904662,1241.4425254292632,1181.7000323474406,1150.3623887562242,1192.5863305910184,1222.645201490774,1293.700003015995
2014-12-08,1194.7,1,1169.8756301639107,1199.1383593826135,1217.005183826527,1207.2000028967857,1166.4041515419651,1205.513063535723,1245.2407243606697,1200.199950003624,1157.5600147165808,1201.0606805870768,1232.6932047883251,1300.7000074744226
2014-12-09,1231.5,1,1206.4157851715258,1235.7630570011593,1252.9794722246124,1193.899985790253,1201.4748620348544,1241.6085391814922,1280.9322179998585,1183.8999851346016,1194.2773970296844,1235.7740409988853,1268.5887551230544,1292.6000230908394
2014-12-10,1228.9,1,1204.718702382219,1233.6564059015368,1249.9846114831978,1194.2999920904638,1199.6313327381615,1239.1170129175173,1278.324351282668,1186.0000247001649,1193.0442105471268,1235.7183258357986,1268.662432293131,1279.4000566363336
2014-12-11,1225.1,1,1202.646665805162,1229.2259434836244,1245.3785669952815,1194.6999916493892,1197.1677315665163,1229.4297453095655,1269.8764391791908,1203.8999893724915,1194.4301320886557,1237.159107926243,1264.8152477974072,1291.699980342388
2014-12-12,1222.0,1,1195.6460796526155,1227.8736443639937,1241.3835847404227,1195.8999980688095,1187.207475600577,1227.401229642937,1275.5448513340248,1219.300009846687,1181.8100824461608,1228.453271768394,1265.7986812559052,1285.899936914444
2014-12-15,1207.2,1,1181.5316559013015,1212.2208003850285,1228.7524418157195,1179.6999825954438,1171.4919427963382,1211.438274773276,1258.205765843659,1210.6000047683715,1168.6049495337925,1211.2239667138906,1254.2270299062898,1254.6000326156616
2014-12-16,1193.9,1,1162.6790109240328,1198.8301568908996,1217.3143547914983,1177.900010365248,1151.364392236724,1198.217427922924,1251.7458843729612,1208.399966144562,1142.9941070251916,1192.3621477857146,1237.8150223710074,1278.5000723958017
2014-12-17,1194.3,1,1165.4430956832307,1199.4669463632229,1216.7619041354917,1173.4999995768069,1153.7663875256358,1196.6976127502278,1250.047924833372,1216.000002837181,1150.258078941998,1199.017131005979,1246.2955983671934,1276.2000061154365
2014-12-18,1194.7,1,1166.831981864772,1200.1253125156204,1219.6210285134614,1195.3000126719476,1154.7347221921316,1202.1077566212898,1250.4411769099663,1232.70004298687,1149.2383730389065,1194.9555397639865,1247.6975847111178,1259.7000435471534
2014-12-19,1195.9,1,1167.686917525429,1198.5348481084286,1225.749433090008,1181.70000192523,1155.2309823450698,1195.758457668299,1246.4104610322938,1234.3000349521635,1154.3154195511845,1205.5746595369428,1254.7535694873145,1263.800042498112
2014-12-22,1179.7,1,1155.3376858125798,1181.2342203424614,1206.6757727406346,1200.1999504923822,1148.9625362702764,1181.4527434394447,1224.7617929724138,1234.4000517487527,1150.9502258193936,1187.6286587645277,1231.0939931219002,1262.0000495791437
2014-12-23,1177.9,1,1149.713035352015,1183.8504623428796,1198.4677785678216,1183.9000022649766,1140.3100490718573,1182.7639096094974,1234.244262408268,1264.6999391555787,1133.29920396848,1185.6866071889842,1225.0223761720029,1233.89997433424
2014-12-24,1173.5,1,1149.4506835904117,1179.9510233219348,1195.7058696266515,1186.000058710575,1142.0404180442565,1183.098934048246,1227.6799323274313,1276.899987637997,1136.6824559987638,1192.2390817544394,1231.6358765291377,1240.7999915480614
2014-12-26,1195.3,1,1169.0868537038154,1202.6883012344008,1218.5618706900557,1203.900036084652,1160.706788750579,1206.244995455017,1254.7467143434546,1294.2000587463378,1152.875991467302,1214.7660712927952,1257.311992026616,1231.5999750256535
2014-12-29,1181.7,1,1158.600021445372,1190.2620520787675,1202.1529680163571,1219.2999322056771,1149.9764654265307,1196.9059625742923,1240.8078783280066,1293.699938929081,1146.1865291485938,1198.4854786119745,1250.920316209491,1219.0000207901
2014-12-30,1200.2,1,1179.4124545482905,1209.198250493949,1221.126352593749,1210.5999778985977,1170.7260024928862,1214.4639130468363,1257.6240172841,1300.7000216722488,1169.474226183331,1224.929671484373,1276.3420943978945,1220.10001411438
2014-12-31,1183.9,1,1163.0583343216513,1192.1088239122378,1204.8475102447333,1208.3999294757843,1155.3980821029163,1198.161619408767,1239.4903831046363,1292.6000546216965,1153.4715150482266,1206.8540296130675,1255.1871273870174,1226.499951684475
2015-01-02,1186.0,1,1160.1450090431572,1193.7439244855395,1212.0285606417278,1216.0000340938568,1152.220305045689,1207.7895035887632,1250.4543466122414,1279.4000618457794,1146.8123285651263,1203.813904589091,1267.2945024499295,1208.1000199317932
2015-01-05,1203.9,1,1183.9437887825347,1210.9372658645989,1234.7538551902223,1232.6999425649644,1179.0909228320468,1230.0474146251504,1263.0537945250792,1291.6999704122543,1179.5185434650302,1242.0134464705468,1306.6068840456649,1199.7000023961068
2015-01-06,1219.3,1,1194.34338218192,1228.8554245988307,1248.2054397006525,1234.3000240087508,1185.3169042552402,1241.1200425236589,1288.2145996494955,1285.8999438047408,1180.884928902358,1255.2680368832569,1320.9806087621496,1207.1000347375868
2015-01-07,1210.6,1,1188.884955356014,1217.8102278759495,1241.7739618411267,1234.3999582529068,1184.4227294958048,1232.61765235062,1274.2333465882894,1254.5999846696852,1186.9778703663903,1247.557508449543,1318.1457375468024,1204.4000211834907
2015-01-08,1208.4,1,1188.5508944346873,1216.439621761146,1234.8555728919714,1264.7000407218934,1178.975200410453,1224.5523210413248,1265.3749660681713,1278.4999826431276,1181.9679249854842,1239.388671982878,1302.1591716077132,1200.2999996423723
2015-01-09,1216.0,1,1196.9733113015404,1221.2164047669785,1245.7053506547195,1276.8999633789062,1194.0122687385076,1233.79748332517,1268.760844500092,1276.1999588012695,1196.704272359275,1244.928290840216,1301.303969065332,1196.8999786376953
2015-01-12,1232.7,1,1215.1283895519755,1240.3862095487127,1259.6293176695694,1294.200041770935,1207.485520739216,1251.5010611558098,1286.9072877143078,1259.7000219225883,1211.3343273633366,1260.9832924276864,1323.940612544969,1201.000025421381
2015-01-13,1234.3,1,1214.0214943897406,1241.794802846645,1267.265445351065,1293.6999871134758,1210.8852275476193,1253.0138190922964,1295.563488469902,1263.7999566912652,1208.8461308744947,1267.5692137354686,1327.8673207387226,1209.5999716699123
2015-01-14,1234.4,1,1216.476418158779,1240.4306099877924,1263.516356325213,1300.700045490265,1211.2831760375036,1253.9049537753565,1285.8892895767842,1261.999966335297,1213.3334567335526,1262.2852632102204,1319.1155114798682,1212.6000276565553
2015-01-15,1264.7,1,1250.42496194191,1272.7840618831808,1292.6161782364206,1292.5999314188955,1244.5033844015925,1289.1163082429428,1315.1288141871837,1233.899972498417,1245.0837279587631,1294.328490505878,1350.4402564982772,1207.6999804317952
2015-01-16,1276.9,1,1258.5669181593491,1286.1441871176278,1307.502146856314,1279.4000340461732,1252.4216395218782,1304.60272524529,1336.4144703199197,1240.799974161387,1246.4618500558524,1301.575553655129,1363.3263346575486,1203.9999722778798
2015-01-20,1294.2,1,1272.6628284909211,1304.0996397820682,1329.7206771020617,1291.7000361442567,1263.4151955999816,1323.7766760464167,1361.7417072641535,1231.600004053116,1258.7997416637472,1333.0528155341638,1407.1830431367648,1200.6000048279764
2015-01-21,1293.7,1,1273.209047208999,1300.729012653322,1326.437278235727,1285.8999615550042,1268.696886869797,1319.4674376335963,1353.0975838664986,1219.0000232994555,1267.332739267863,1333.2407534990496,1392.8737809800955,1195.9000221431256
2015-01-22,1300.7,1,1282.0214273584038,1306.3819796321516,1331.2887842358523,1254.5999773144722,1276.6999837259184,1321.436612672207,1352.2883378610709,1220.0999684095384,1278.3470778221645,1329.8353230685218,1385.544860685363,1164.1000382244588
2015-01-23,1292.6,1,1267.7685144334982,1298.5766286117764,1327.760712206158,1278.500001168251,1262.2654170041958,1310.891281843874,1352.890992656753,1226.4999666810036,1255.5391936479318,1333.8588000667469,1380.8410711988777,1166.3999640107154
2015-01-26,1279.4,1,1257.6082561640535,1285.719590911306,1309.2111403746896,1276.1999778866768,1251.6697670263882,1296.9314270625553,1336.5993901649688,1208.099971985817,1252.6794953802505,1316.148716071618,1370.857889681417,1160.1000215768815
2015-01-27,1291.7,1,1267.25201781413,1298.5795069867904,1323.2503547786655,1259.7000208199024,1259.143580894979,1307.8669652446438,1353.5911891226046,1199.6999924898148,1258.7552726219876,1329.3166255713218,1388.2722590744395,1150.7000219643116
2015-01-28,1285.9,1,1262.890299514991,1291.6646957997118,1316.3300413986417,1263.800004029274,1256.088852529678,1300.4586185732844,1342.4709380541003,1207.100032401085,1256.5033611262209,1320.3657125550028,1372.9598150934396,1152.099983817339
2015-01-29,1254.6,1,1231.62653166082,1260.4355426946688,1281.7857535585658,1261.9999284267424,1223.5003119705686,1263.8689760077375,1309.5150845237786,1204.3999701619148,1226.0451591130131,1287.0771130735077,1337.4528159275403,1152.600022494793
2015-01-30,1278.5,1,1258.7720322860762,1284.7445520994518,1304.8180198862317,1233.8999984562397,1252.0786172462722,1291.4208673633314,1332.0008514274557,1200.299969613552,1254.9098787260828,1314.024962510259,1364.5858174319385,1153.2999823391438
2015-02-02,1276.2,1,1254.6603142975378,1278.4557608084174,1307.1268701562706,1240.8000354766846,1251.8440742837088,1290.66072965381,1323.3302870862371,1196.899990081787,1254.3162282815038,1304.1895638923056,1349.0871543451358,1148.299965298176
2015-02-03,1259.7,1,1235.382301765881,1261.2447962478286,1290.5938538723017,1231.599974012375,1228.3797213828536,1264.8097645033065,1305.42399529074,1201.0000272095203,1230.264602309847,1279.2870576380967,1322.1086156864612,1151.400006455183
2015-02-04,1263.8,1,1244.1010913051755,1267.5981373416566,1294.2143269876544,1218.9999703645706,1241.6790673265502,1282.665749730635,1312.7819355594893,1209.5999715447426,1243.0659899598952,1295.6421260087543,1342.6881880391095,1169.0999854445456
2015-02-05,1262.0,1,1239.0282663516864,1266.2309774178193,1295.6563726521688,1220.099988102913,1235.1842306281935,1282.7747895146222,1317.8313140359523,1212.5999969244003,1234.7808524550087,1296.6788761646856,1352.1230684652744,1184.8000226020813
2015-02-06,1233.9,1,1211.9704034238466,1238.0603421205826,1266.899081482489,1226.5000048935417,1208.5874087280663,1255.6146146726094,1288.281841049988,1207.699985522032,1208.464947231031,1267.7315794235883,1323.1333941898597,1187.9999816536904
2015-02-09,1240.8,1,1218.9700944206145,1246.0511391677776,1272.9225130877196,1208.100012302399,1213.6755217585303,1261.509219131147,1296.8113593059245,1204.000033521652,1213.94711655436,1273.905779216338,1332.5011212650877,1191.7000232219696
2015-02-10,1231.6,1,1201.8301576318022,1233.5053685690275,1269.1399871484816,1199.7000106573105,1193.704840174513,1243.3088291533752,1289.5292443318624,1200.6000059843063,1192.2996091719642,1257.095766263052,1316.7191917034204,1197.2999741792678
2015-02-11,1219.0,1,1195.8009476566033,1221.7444406363943,1253.1000052862516,1207.099989950657,1190.0902874336175,1234.2301833249207,1268.8816343733945,1195.899967670441,1188.2940777646809,1243.2497257605728,1293.4268127422354,1205.1000041365623
2015-02-12,1220.1,1,1200.238518005544,1225.4999673743307,1252.204855586475,1204.3999870419502,1194.3756481602315,1241.394226968372,1272.6703128484603,1164.0999709188936,1193.214355196286,1248.5543039816712,1305.2312635058236,1199.7999994575976
2015-02-13,1226.5,1,1204.9058063771915,1231.2500468156732,1260.2922277949267,1200.300010561943,1201.9921870736064,1250.9966048910344,1282.4435247931451,1166.4000074863434,1200.2136929121964,1263.0936390420754,1319.0339473890876,1184.799975514412
2015-02-17,1208.1,1,1186.9452793559808,1215.566512134726,1243.0772147158473,1196.900033944845,1182.098613649842,1238.2116469593072,1271.9578525111974,1160.1000117480753,1179.8519740923189,1246.2508320294835,1318.4266424518323,1183.0999896168707
2015-02-18,1199.7,1,1180.0449847524546,1206.7143989303793,1232.1210709245904,1201.0000098466874,1176.3411893290324,1228.140355331329,1258.6718097355856,1150.699997395277,1173.820242897309,1239.952922670556,1300.6953387718654,1208.1000086188317
2015-02-19,1207.1,1,1188.1954621444777,1212.575542220496,1238.935405599242,1209.599931848049,1185.0706613230298,1231.2450511723837,1259.549984617203,1152.0999884188177,1182.4869409287785,1241.8203744338316,1292.9985799606477,1200.900030875206
2015-02-20,1204.4,1,1180.8429256568693,1206.5875898086497,1239.4157741103793,1212.6000371456148,1178.11359447203,1221.9049281445891,1254.7215877376923,1152.599980711937,1174.2446634106504,1235.2045735430197,1279.2342159086231,1218.6000643253328
2015-02-23,1200.3,1,1175.560882094825,1202.997550174892,1232.4297939550404,1207.7000257372856,1168.1285618698553,1209.6890896497132,1250.7177118396255,1153.3000279605387,1167.947374830977,1223.2963872722212,1272.8746897817423,1210.599968147278
2015-02-24,1196.9,1,1169.9868002133494,1199.6466991579005,1230.5854027478504,1203.999979031086,1161.896625513583,1205.0393082360872,1249.9921052253428,1148.3000078856946,1159.135681915479,1222.5482141779237,1270.1573126314968,1203.099943506718
2015-02-25,1201.0,1,1174.0439440041034,1202.31415998173,1237.9238035341516,1200.5999820232391,1169.6880589957302,1216.7562355790446,1254.7157419151724,1151.3999900221825,1167.274618406135,1229.3721498654795,1281.6293332694447,1193.600025355816
2015-02-26,1209.6,1,1185.0744614479054,1215.0161362854678,1248.3223352862935,1195.899980163574,1184.0177841399718,1232.8038307410625,1275.0893693518608,1169.1000102996825,1179.3923850384565,1246.8002509451862,1311.3023951729492,1204.6000190734862
2015-02-27,1212.6,1,1185.7594671843897,1218.3378035044807,1254.5759779763962,1164.100021469593,1180.62030237291,1235.0557169677334,1282.340484929936,1184.7999652147291,1173.9534901865095,1245.782151567688,1320.4299455591006,1199.3000228762626
2015-03-02,1207.7,1,1185.2461349950054,1213.7763968906204,1241.692943902232,1166.4000279545785,1177.803854185391,1231.525809169046,1268.0374264662394,1187.999993813038,1178.562482638457,1236.8604150355277,1310.2773691868028,1192.79999422431
2015-03-03,1204.0,1,1180.8948351115578,1210.4361299944344,1239.356710845157,1160.1000282764437,1170.3425533319894,1227.1133238639231,1264.53316893707,1191.7000105381012,1169.457794360793,1228.0951947503252,1304.928514813166,1201.5000295639038
2015-03-04,1200.6,1,1180.800307496142,1209.8397925453917,1237.3204741743546,1150.6999938011168,1173.8255381144063,1227.3514255654484,1265.395439623944,1197.3000205278397,1167.5098118628014,1230.4811057511245,1303.6272632572568,1198.000033521652
2015-03-05,1195.9,1,1176.7010815793303,1199.885615425965,1226.4853263842224,1152.0999868631363,1172.2036847158952,1213.0930348860263,1242.7414975047984,1205.0999786734585,1170.96393695618,1222.1548630742077,1268.0697790600757,1202.899955880642
2015-03-06,1164.1,1,1143.0372490616255,1168.342482583631,1196.6378022656668,1152.600002980232,1135.4954865300188,1180.891100105219,1213.8341537337062,1199.7999485135078,1133.3715737119037,1185.7536231586855,1240.3954833822927,1193.4999984145163
2015-03-09,1166.4,1,1141.2359483750015,1169.592187253572,1202.080132715106,1153.3000164985658,1131.4748106786003,1181.0055938585867,1219.7609941200858,1184.800058555603,1129.6742633069484,1184.2092572387862,1247.127870997207,1202.9000564575197
2015-03-10,1160.1,1,1138.2676694681734,1163.9258491688554,1192.5425113166095,1148.3000049948691,1130.2517623609965,1175.6191929633158,1209.9590079624911,1183.100067615509,1129.368691296543,1180.1721662921857,1236.9510891682703,1186.8999909996985
2015-03-11,1150.7,1,1134.0526407550035,1158.4941888581782,1181.6137846183638,1151.3999995827676,1128.4781533548178,1178.4195195972534,1205.2312563390851,1208.099965786934,1124.835787901623,1183.5993080495632,1243.2184399189944,1194.3999739527703
2015-03-12,1152.1,1,1136.6777981045336,1159.00175210652,1179.6735136777932,1169.0999344229697,1131.505592194101,1175.7165016039678,1201.7577250444178,1200.9000121116635,1131.7429538521951,1181.605137596794,1237.247173463357,1175.1999359369277
2015-03-13,1152.6,1,1134.6416316490752,1155.7266299694602,1180.5918722520016,1184.7999743700027,1130.7184184449957,1166.353859309734,1194.454132033398,1218.599979043007,1130.8751339741257,1175.7707183365635,1215.704129756233,1203.300007009506
2015-03-16,1153.3,1,1135.1287282441092,1157.6910375916727,1184.109524714794,1188.0000177979468,1133.333276839562,1168.7371815537783,1200.8847683031138,1210.6000622749327,1130.100859954622,1180.017142964714,1221.9470828592391,1214.0000434160231
2015-03-17,1148.3,1,1130.3423306592424,1152.088366440668,1178.1206613510135,1191.6999383568764,1128.831331394063,1164.3471303315443,1193.6119766096465,1203.0999732613564,1126.182645225801,1176.438422687669,1215.10431858548,1209.7999577522278
2015-03-18,1151.4,1,1132.8655405508252,1155.9230427481548,1182.3080178769842,1197.3000314712526,1130.612364226073,1168.1512257773695,1200.1462716288197,1193.5999789953232,1127.8975157199516,1178.980820497004,1224.0049734731176,1182.4000353097915
2015-03-19,1169.1,1,1153.4544170106444,1175.020520465216,1196.7383553255793,1205.100039696693,1148.4429571413546,1186.8340396502465,1215.388591232557,1204.5999888181686,1148.4793266345382,1193.1472511628865,1242.270438603413,1174.4999362707138
2015-03-20,1184.8,1,1167.9695219291807,1191.609991696566,1216.2769994648745,1199.8000231742858,1167.968961018263,1206.6094418899106,1239.509576393158,1199.3000365257262,1164.4571473404287,1219.312867137338,1269.2765035563689,1186.7999465942382
2015-03-23,1188.0,1,1168.7418684403033,1193.7968222542008,1220.1778717259765,1184.800010919571,1165.037493114407,1206.0437801683236,1242.11975519575,1192.7999482154846,1163.4436098548135,1214.832702968266,1270.9406358262938,1193.200026512146
2015-03-24,1191.7,1,1176.2725397921615,1196.994183580671,1218.0293806831796,1183.100010240078,1170.354430881354,1207.7951049747471,1234.8743639529257,1201.4999850273132,1172.174711392056,1213.5140305935242,1260.5348278190747,1190.2999818444252
2015-03-25,1197.3,1,1180.0795472974926,1202.4990399120604,1225.5433292274606,1208.1000393390657,1177.5629408378982,1219.327195404234,1246.4543861031125,1197.9999444007874,1179.046251828498,1230.468080586722,1280.574372888587,1182.3999906599522
2015-03-26,1205.1,1,1191.0724383359973,1211.9643750406717,1232.045356567722,1200.8999821186064,1187.280144697191,1228.1158606169206,1252.0631848907915,1202.9000043153762,1187.0216752031458,1236.027137390848,1283.7144266874004,1189.099966084957
2015-03-27,1199.8,1,1183.2576549592814,1208.3426553656782,1231.5686850726918,1218.5999381303786,1180.1614283100268,1226.3671285391574,1258.366967455889,1193.5000047564506,1177.2323527002272,1234.590117854265,1296.277323403741,1183.1999648571011
2015-03-30,1184.8,1,1169.5645901417747,1192.037099618767,1213.077968449083,1210.6000172615052,1166.633558151908,1210.4500029891788,1236.5278810638215,1202.899940395355,1166.2459406727676,1219.4784852040011,1273.440562806964,1192.5999329566955
2015-03-31,1183.1,1,1161.0203885465291,1185.0432704649086,1216.0591352426982,1203.099964439869,1155.4840044586017,1192.1511343046302,1227.40985418713,1186.8999467015265,1152.596023698633,1200.6146684979335,1241.593114181352,1218.4000282049178
2015-04-01,1208.1,1,1190.300788427479,1212.0997578026063,1237.5790643783373,1193.600034302473,1184.207276056057,1221.592663053102,1250.564784229926,1194.3999752998352,1182.6427915814947,1228.0704280050306,1269.3636119613184,1225.400011217594
2015-04-02,1200.9,1,1186.7565081411449,1211.2821082166715,1234.0183003698362,1204.5999297738076,1187.4513184532505,1228.8541632339447,1262.4037982742586,1175.199982863665,1179.897004697434,1240.1296040653965,1296.167835151282,1225.5000592947008
2015-04-06,1218.6,1,1201.2901923367565,1227.6830971666743,1255.355609260637,1199.2999981999396,1201.6622121740943,1243.8760269869156,1281.2109972016372,1203.2999647021293,1191.49497504748,1255.9148191483478,1309.751129733865,1227.7999955892562
2015-04-07,1210.6,1,1197.6063005537942,1220.031490429657,1242.5924605981934,1192.8000002980232,1197.7989501101324,1231.1777191974736,1265.2347861005098,1214.0000558853149,1189.5760687197087,1241.4817356806643,1286.6322751396951,1206.899985873699
2015-04-08,1203.1,1,1187.851974352196,1211.2768809311556,1238.0016373987264,1201.4999987125395,1191.577118552343,1220.6986581863448,1259.7708465861342,1209.800041246414,1180.8452045382896,1236.1720548475316,1275.51873629846,1208.8999329566957
2015-04-09,1193.6,1,1180.6123391219835,1203.471369053373,1229.1896014657268,1197.9999782562254,1186.7004086266431,1214.4241905631875,1252.3343356675175,1182.399997138977,1172.109209580013,1231.3907558543335,1267.148396223764,1204.399959564209
2015-04-10,1204.6,1,1193.204700672436,1214.0401117492922,1236.8399554861037,1202.8999971985816,1196.1453074426288,1224.4655217952663,1256.7426583707036,1174.5000348687172,1184.3351211934369,1237.630940461565,1271.2604772406748,1204.300020623207
2015-04-13,1199.3,1,1178.8020698201776,1207.0404327654155,1239.5778726036365,1193.5000148236752,1178.720051456251,1213.9580899782072,1262.9189851993006,1186.7999764859676,1166.6928528727503,1225.3170682873374,1278.5372392036434,1187.2000001132487
2015-04-14,1192.8,1,1172.7521263710885,1202.5524687425009,1234.2073604171312,1202.8999574661254,1174.759149646472,1209.437458085994,1262.7972686535163,1193.199988460541,1159.770725686782,1225.4425678757357,1279.766381888856,1185.900021314621
2015-04-15,1201.5,1,1182.711361035873,1213.0008524245673,1243.7738301595405,1186.8999971151352,1186.706011194314,1222.0184724238022,1276.1029376163674,1190.299989938736,1169.8238341599888,1239.7486601778717,1296.3224177054865,1188.0999777317047
2015-04-16,1198.0,1,1177.139682592569,1207.4875862071196,1240.087025222893,1194.399976730347,1179.720759535703,1215.2670752201595,1268.582303698379,1182.3999943733215,1163.5713426945863,1233.7718320264394,1285.3162135223697,1189.4000316858292
2015-04-17,1202.9,1,1184.8153803121245,1215.5225338609455,1243.79515741596,1175.2000296354297,1186.570241094253,1223.9064735552574,1276.9849350962788,1189.0999886214734,1168.3203773317186,1242.8077825010123,1296.937721867106,1188.2999775707722
2015-04-20,1193.5,1,1165.6982072169494,1204.6920512275174,1241.9835712120978,1203.2999906539917,1156.0080448668778,1205.95356489422,1273.666359266491,1183.1999793350697,1134.8131262099073,1216.7007196422742,1287.9044144323962,1194.0999791026115
2015-04-21,1202.9,1,1172.6984217548086,1213.6930803073053,1250.7578190475597,1214.0000637054443,1167.3806825045942,1211.6716857135143,1286.8785110022354,1192.600019043684,1144.8756709917711,1238.9738540372405,1297.9271199360612,1184.6999995410442
2015-04-22,1186.9,1,1158.1132648738817,1193.3897937729223,1233.8255766235698,1209.7999350190164,1148.1956704235456,1199.087915930005,1255.2870232026285,1218.399950158596,1132.1533529895844,1204.1869735134935,1269.8730415828309,1174.8999920368196
2015-04-23,1194.4,1,1170.9730284962532,1204.848883997002,1234.1873659271132,1182.3999834537508,1166.3442941523224,1211.5720616038975,1266.6092654322088,1225.4000368118286,1151.0662629486983,1232.419160574024,1288.8900091689811,1167.7999716281893
2015-04-24,1175.2,1,1153.1984104100852,1185.1987583854182,1213.1968485201949,1174.5000165462495,1149.3118953173257,1193.6811696951602,1244.425489336258,1225.5000418663026,1135.9536889200324,1212.9405754505758,1268.740801531988,1173.2000072479248
2015-04-27,1203.3,1,1182.382497848573,1213.718795993486,1241.352628540002,1186.8000051140784,1176.9654879788882,1223.973676726657,1272.1457946236098,1227.8000402212142,1165.5369462527417,1236.7747532200176,1300.1264572319835,1177.300031965971
2015-04-28,1214.0,1,1193.247568406811,1225.5831431588124,1252.8704079304518,1193.1999621391296,1188.4159162957608,1233.8510609645257,1286.1006704285253,1206.9000329971311,1175.3149655387049,1248.7001155586136,1312.4459969901866,1186.099995136261
2015-04-29,1209.8,1,1191.7948765123458,1216.724833418676,1243.333462309371,1190.3000230193138,1185.1384389591813,1223.9079670685442,1262.0587581948228,1208.89999884367,1179.830405035559,1227.5204696340584,1281.1864173119925,1179.9000016450882
2015-04-30,1182.4,1,1153.6676594326827,1187.2500859556494,1219.0445091425145,1182.4,1134.2005621769952,1184.1496148915578,1237.6480731308866,1204.399954223633,1128.2319809506366,1187.5657413437943,1250.9458261825596,1178.799988269806
2015-05-01,1174.5,1,1156.5196659427888,1181.0562802159243,1201.7047599739576,1189.0999594330788,1143.3308119937285,1175.8663701647165,1218.1249906590513,1204.3000073432922,1140.334942107454,1182.218808639877,1225.8642951636327,1185.3000524640083
2015-05-04,1186.8,1,1168.4509561359928,1195.2221517422013,1218.6889825260146,1183.2000321149826,1156.6750297043875,1196.2302354707836,1239.0609917678682,1187.1999571323397,1149.6333431966252,1200.5498104803137,1253.664124340363,1180.5000031471252
2015-05-05,1193.2,1,1172.8405514880592,1198.5251968387047,1222.3318501152078,1192.6000294685364,1157.3531809651818,1196.2817434395458,1237.0518111938334,1185.900002932549,1155.6777644114345,1198.153250894274,1248.6762500471932,1176.3999716758728
2015-05-06,1190.3,1,1174.874109033332,1201.1525271490711,1215.5810110005111,1218.3999982595444,1164.56546096708,1199.3321105035557,1243.0342715496463,1188.0999918043613,1158.7433357738091,1216.8619779617172,1259.8777643305805,1201.5000417232511
2015-05-07,1182.4,1,1166.8309244382308,1192.2324150851418,1213.2784038329482,1225.399987411499,1159.1095165078152,1197.400071126247,1237.6431021556066,1189.400011062622,1152.914734675249,1203.348621839953,1258.9647813957868,1201.4999858856202
2015-05-08,1189.1,1,1170.5073637869314,1197.3523991849268,1219.231842173887,1225.5000107884407,1161.5826184024916,1201.6382714827566,1243.5839390827969,1188.3000239074229,1157.3373286327262,1212.1994649916207,1265.7145608674152,1183.6999664664268
2015-05-11,1183.2,1,1163.6853409937678,1192.2026743870588,1215.812827751558,1227.7999371528626,1155.0885285667748,1195.6553578835544,1241.7316642038031,1194.0999406814576,1147.8687234912234,1206.9415635846497,1262.2008086084884,1176.1999779224395
2015-05-12,1192.6,1,1179.2049157316478,1204.059439764757,1220.1509562402327,1206.9000687360765,1177.2637784132949,1213.4471735938323,1251.445991622425,1184.700024163723,1171.07652005923,1233.1074303129212,1280.186188887954,1172.6000206828116
2015-05-13,1218.4,1,1201.26302588234,1229.8858710502318,1249.301179637669,1208.8999865531923,1201.3579828928894,1240.9564859536506,1286.2203637637233,1174.8999690055848,1194.807960291351,1266.7063392925684,1320.6589421879626,1171.5000108242036
2015-05-14,1225.4,1,1206.3477319981605,1238.1540689453666,1260.742789720203,1204.3999660015106,1205.3713559817886,1248.5997047977428,1300.4699461372743,1167.8000027418138,1195.1895672437934,1272.3315540140452,1334.8210071315284,1172.8999880433084
2015-05-15,1225.5,1,1208.205665943544,1237.6642410055051,1256.034769267444,1204.3000068068504,1206.9337321129242,1249.7882011342665,1293.550221889535,1173.200011968613,1198.2281512789657,1278.3001359887546,1328.4411838198423,1178.499973744154
2015-05-18,1227.8,1,1212.524203473819,1238.220531889123,1253.4752325192585,1187.199986231327,1206.2005438163385,1249.2810992174004,1283.4547494755045,1177.299992787838,1202.6453008348187,1269.1697869907994,1316.2653981260096,1171.49998036623
2015-05-19,1206.9,1,1191.5755143809956,1216.2368028520289,1237.0417796228064,1185.8999801695347,1189.544347360315,1232.4649858973896,1264.1214550804289,1186.0999646008015,1183.9082397990603,1247.4699188129432,1297.4253754924596,1169.0000008642671
2015-05-20,1208.9,1,1189.4740736024037,1219.8496729948024,1242.405179029604,1188.100010919571,1184.809738344767,1232.1263668158326,1275.7059948397296,1179.9000318527223,1175.008279798686,1252.7220668483387,1308.2950098391104,1163.0000046968462
2015-05-21,1204.4,1,1186.1428370398824,1214.9158897870611,1233.8827658476584,1189.4000038385393,1180.3940908162076,1225.0465377718322,1266.3439514314855,1178.8000276088717,1173.8246842639828,1246.9974846116925,1298.327529523999,1172.9000008821488
2015-05-22,1204.3,1,1187.366370480117,1213.9803135604311,1237.1117835447976,1188.3000356972218,1188.2477625860126,1230.88943002827,1266.989689364572,1185.2999840676785,1179.3649868580824,1251.8929585960054,1300.000130262179,1152.39998254776
2015-05-26,1187.2,1,1169.635057826284,1196.8500562127497,1219.3849725159048,1194.1000644683838,1169.014213186234,1211.9497846320787,1250.4984413378809,1180.4999814987184,1162.0102248185522,1231.48282352263,1284.7366486451206,1163.2999910354615
2015-05-27,1185.9,1,1169.4663329842306,1195.022642143384,1215.8638681621565,1184.6999782383443,1167.9037724437424,1210.8774134440323,1245.5027283323109,1176.3999867618086,1164.1045147057323,1227.2834708689224,1281.925625191553,1158.9999893009665
2015-05-28,1188.1,1,1173.0425782997218,1195.8161789602875,1216.779898773239,1174.8999873280525,1172.6345329581666,1214.6616622883084,1242.0747171156577,1201.4999978423118,1170.678338830665,1228.467263092065,1278.7541323704663,1157.6999879837035
2015-05-29,1189.4,1,1172.256067063545,1198.23634343223,1217.862710622799,1167.80001693964,1167.7749818660234,1214.254224736672,1246.8132162388897,1201.5000059366228,1164.754064690268,1230.9540514324508,1284.4294106687353,1155.1999972820283
2015-06-01,1188.3,1,1172.167131441037,1196.194096553765,1216.8476641235995,1173.1999945163727,1168.6904586395983,1214.8564986495862,1242.4454767108944,1183.699991762638,1166.5545518006409,1227.7184340821684,1280.3501573778035,1153.300032788515
2015-06-02,1194.1,1,1176.641225702766,1203.258973945626,1221.9460993951068,1177.2999688029288,1170.7785279838083,1217.7259806281631,1251.7294560343475,1176.199976080656,1167.939971218056,1235.1967402458906,1288.9822620380144,1147.2000256001947
2015-06-03,1184.7,1,1167.1468847354402,1193.2501620946364,1212.4976093872533,1186.0999856829644,1162.0879465560815,1208.5507629817505,1241.5780242063684,1172.6000026881695,1160.0876101517283,1225.6434626438436,1279.4955892184005,1143.800024843216
2015-06-04,1174.9,1,1157.0565242503678,1182.9806731951865,1203.3283425445943,1179.8999660372735,1151.1897164466254,1197.849649803922,1230.6607235343397,1171.499997884035,1149.1587889562552,1211.9899692580714,1267.1026342784164,1131.7999958336354
2015-06-05,1167.8,1,1149.1828486883055,1176.654620760379,1196.4294719393445,1178.800023460388,1143.5989148332626,1192.1048843775222,1227.109089185805,1172.9000539064407,1140.4350239907842,1210.359975513289,1266.1262357309392,1106.700003838539
2015-06-08,1173.2,1,1157.8851095069867,1180.641960510484,1198.7391925294291,1185.299950838089,1153.7472623443248,1195.2473504564011,1223.7017316440763,1178.4999958038331,1154.565822151998,1208.5610664556111,1258.8723504017407,1103.4000090837478
2015-06-09,1177.3,1,1161.044697849546,1185.3836004731284,1203.7608764928923,1180.500008547306,1157.3881212167214,1200.3310887116322,1231.2742286191406,1171.5000283658503,1156.448706810487,1217.486913063293,1267.5272131745733,1091.4000293195247
2015-06-10,1186.1,1,1168.848201624911,1194.0230549825555,1213.824205090749,1176.400008624792,1164.713142503061,1210.3796260876832,1241.5944508794328,1169.0000050008296,1163.7141745218,1226.3463581773867,1279.8942773736694,1094.0000294148922
2015-06-11,1179.9,1,1162.936816333751,1188.6112837792095,1206.5218337429349,1201.499972641468,1157.4402919425283,1202.1743881528664,1235.4930350482346,1163.0000155448915,1155.839045828244,1219.6999200655505,1271.781650182178,1085.6000080883505
2015-06-12,1178.8,1,1158.9706393930062,1189.2315078179984,1208.5710890201544,1201.4999514579772,1153.0321342855957,1204.5483075946918,1243.5543825954426,1172.9000333547592,1146.1999391453185,1229.1638675932234,1283.4621598733331,1096.4999936819077
2015-06-15,1185.3,1,1163.5825281923323,1193.009890260828,1219.5470367084868,1183.7000033676625,1158.849681711617,1215.8702255667893,1249.9903511837442,1152.3999941825866,1155.246891759684,1228.7298831279006,1296.96032197736,1096.300001871586
2015-06-16,1180.5,1,1161.114976772585,1187.820107837012,1213.7985154648145,1176.2000294029713,1158.2620729677358,1212.184942867088,1240.933605941668,1163.2999768853188,1154.5373858976916,1223.2838132019626,1285.657001566006,1092.6999916434288
2015-06-17,1176.4,1,1158.3061695011272,1184.3342016261008,1210.0298805701962,1172.5999761104586,1159.3735438300089,1206.8942251539993,1238.8811292007065,1158.9999939441682,1154.7604623951015,1221.2884517192467,1280.7918550940894,1088.400004029274
2015-06-18,1201.5,1,1183.4762613784833,1210.333821791779,1232.5245168456906,1171.4999832808971,1180.3003021185473,1231.1985420682072,1261.7046266904774,1157.6999913454056,1174.9187043170894,1248.4839489248584,1302.6840868329978,1094.9000270068643
2015-06-19,1201.5,1,1177.6029950385637,1207.509887291557,1236.419425214001,1172.8999845385551,1172.2791833183155,1221.894392802943,1260.924067134017,1155.199983984232,1164.363760146967,1241.7137568760772,1290.1965766489905,1089.3999964892864
2015-06-22,1183.7,1,1162.7555731159712,1189.8897963507716,1217.3157239427164,1178.5000277638435,1156.1305789796936,1206.267102599798,1239.5778907859824,1153.299966931343,1151.4845326095729,1215.082234385913,1272.2855412702422,1090.699997240305
2015-06-23,1176.2,1,1153.9000017234275,1182.4774726748808,1210.745058410179,1171.50002784729,1146.7691114832353,1197.6677567450215,1233.7340715089654,1147.1999659776689,1140.255142949997,1209.109534228187,1264.6791526246257,1085.700017118454
2015-06-24,1172.6,1,1151.485190589928,1177.691768013401,1205.8122276256622,1168.9999819278717,1145.8961795548776,1194.2420001951384,1226.5016664910197,1143.7999952077864,1142.767722675385,1202.7846987085163,1258.7917717252772,1090.1999979376792
2015-06-25,1171.5,1,1153.1544217048695,1178.9679101874135,1202.9065051032708,1162.9999786019323,1147.6044849481343,1198.0565909982067,1227.886390190021,1131.8000191748142,1144.4117614430922,1206.521416025288,1266.3629409864277,1094.1000187397003
2015-06-26,1172.9,1,1152.4313502476073,1182.308560431018,1210.718134436407,1172.9,1147.7628295800357,1204.5092258485076,1241.4657355050924,1106.699990940094,1140.222971098904,1210.7827387793352,1285.5373935446464,1104.1999990463255
2015-06-29,1178.5,1,1161.107647059934,1186.3683477839177,1211.2738615828046,1152.3999714255333,1156.3115740352853,1206.2612672267517,1234.872606494264,1103.4000235497952,1150.959687409024,1212.7109942063548,1271.198646165981,1107.5999869704249
2015-06-30,1171.5,1,1151.615882914554,1181.200857460401,1208.6909102588131,1163.3000245392325,1146.0584922456285,1200.8996847686446,1239.3140878991032,1091.400024265051,1139.1664955045253,1205.4917200985276,1281.364098091139,1123.2000057399273
2015-07-01,1169.0,1,1151.8965738595507,1178.0300642483885,1202.5908100595714,1158.9999772310257,1148.822867547146,1197.814870352826,1230.1832895663576,1093.9999685883522,1143.0907146365332,1205.595423835472,1268.999624033412,1115.7000138163569
2015-07-02,1163.0,1,1147.084219031731,1171.5075733101196,1194.4632555337666,1157.6999853253365,1144.055782345371,1191.0548695221148,1219.9848772245205,1085.5999740362167,1139.5032247478482,1198.9864598190804,1257.3811864512893,1112.900002539158
2015-07-06,1172.9,1,1160.493575418809,1179.6237743301776,1198.625316227838,1155.199973499775,1158.4538273281134,1194.4215926576585,1216.8536851206777,1096.500010031462,1157.0758031708615,1203.8216875150458,1243.952908229301,1118.5999803185464
2015-07-07,1152.4,1,1139.3176226085184,1159.575945542383,1179.1217723608804,1153.2999553203583,1136.964686129876,1174.2677812372767,1199.2834597459182,1096.2999917030336,1135.178510785673,1182.8611875756744,1228.027932324684,1117.100004696846
2015-07-08,1163.3,1,1146.6701643900708,1168.1159815216356,1191.5537296370271,1147.1999744176865,1142.9162452460616,1178.8640845767616,1208.3616849899852,1092.6999636173248,1142.3733670879458,1187.3692032063168,1231.634826125044,1128.0999673247336
2015-07-09,1159.0,1,1144.7651133536392,1165.6474030572492,1186.247106652434,1143.8000043034554,1142.8861312250228,1177.78581594988,1206.9177689282835,1088.4000063538551,1142.276300733259,1187.3123000925757,1234.041924671447,1152.999970793724
2015-07-10,1157.7,1,1142.0744668449263,1163.7220892974794,1186.644450260971,1131.799996072054,1135.965827475047,1171.6633109653933,1202.7960186949726,1094.900017118454,1133.2504110396137,1175.8071871525603,1222.030287451704,1159.5999643206596
2015-07-13,1155.2,1,1140.4400527755488,1167.1071128091182,1184.9987695934874,1106.6999893188477,1141.9503138527616,1176.7479362330146,1220.1389030637522,1089.4000299453735,1132.963445623849,1202.237063519679,1249.2862680111457,1153.3999851226806
2015-07-14,1153.3,1,1142.039864753446,1161.4524029351628,1178.913586654966,1103.4000179886818,1140.5850890732554,1176.1546447754158,1200.450914748301,1090.6999954283235,1138.9550163302072,1185.029151832899,1229.976851928235,1138.1999867081645
2015-07-15,1147.2,1,1133.223822243942,1155.553461554948,1171.2551842470668,1091.3999722480771,1128.1592395120335,1167.787503588516,1196.2889622708722,1085.7000131607056,1127.319381098253,1182.09333277132,1228.0396198776837,1124.6000338554384
2015-07-16,1143.8,1,1129.4444882553155,1152.087312570493,1170.3324232909588,1093.9999695897102,1127.9058358894529,1168.729805474562,1196.0799828281115,1090.1999872565268,1124.6076163630094,1185.412538012725,1230.182923681052,1122.4000277280809
2015-07-17,1131.8,1,1117.189929772436,1139.407068525555,1158.725820481043,1085.599988567829,1115.337558512102,1158.285345578406,1182.783240136381,1094.1000162243845,1112.3254037652391,1172.5216714310138,1218.3678694921457,1133.0999645471572
2015-07-20,1106.7,1,1092.4082565170754,1113.2627447910313,1132.4371540656557,1096.499981456995,1088.1566906828527,1129.443954983986,1153.6406650749648,1104.2000129163266,1088.9363990523784,1136.0157109712848,1187.8563045435326,1131.6000006437305
2015-07-21,1103.4,1,1093.130568874288,1110.2565135585735,1126.2316981544964,1096.299975156784,1092.0850167665376,1126.791874269937,1144.5046024446349,1107.6000610113144,1091.4055570563953,1136.54465471567,1173.6785616318243,1138.7000586748125
2015-07-22,1091.4,1,1079.7652437515253,1098.589227126264,1116.245434455653,1092.7000093460083,1077.5610146322576,1116.3038237331616,1135.6353357302685,1123.200008440018,1075.3009528613948,1124.535168532808,1166.7099948577677,1132.5000452756883
2015-07-23,1094.0,1,1080.8237123774884,1102.1694691846606,1121.4746188091644,1088.3999814987185,1076.389689350206,1118.0716833177426,1143.3393385315535,1115.7000064849854,1073.042839332664,1122.879799588791,1175.097429119052,1123.7000515460968
2015-07-24,1085.6,1,1071.083922410066,1094.7704492518685,1117.1799528668798,1094.9000498771666,1070.4210504374466,1113.34419511653,1143.253552169892,1112.900058746338,1062.8383982149066,1122.5838236524637,1177.252547220967,1120.6000388145446
2015-07-27,1096.5,1,1082.8085018602287,1104.7910227924713,1126.073061159443,1089.399997383356,1085.2872484996094,1123.350383564965,1151.6823385933149,1118.6000366806984,1079.8410324681636,1137.2301009665114,1185.1760323674484,1120.3999544978142
2015-07-28,1096.3,1,1084.1949989878694,1103.4857012053767,1121.890190490125,1090.6999701738357,1082.5876924021886,1122.433749202813,1141.8284465214504,1117.0999614238738,1079.7564844806625,1131.6729271740871,1174.077917737211,1102.199961411953
2015-07-29,1092.7,1,1081.4275197080456,1101.2681028388229,1119.5662187694622,1085.7000234901905,1078.6843661747891,1118.8852711229747,1140.028163364365,1128.0999761104583,1073.1383432816056,1125.3683249895694,1169.9393478268782,1109.5000217795373
2015-07-30,1088.4,1,1077.1468698764863,1097.2411337579858,1115.7548424141776,1090.1999855518343,1075.8262557392816,1113.9171086010629,1137.5596083570354,1153.0000581264496,1069.952604041516,1121.8727189430845,1166.839158692679,1103.500001335144
2015-07-31,1094.9,1,1083.810370215975,1103.9826413446704,1123.035367075269,1094.1000291228297,1083.131424477882,1113.8048993172883,1144.5743631941202,1159.600010406971,1076.7198863766102,1121.6327069714466,1165.606002457725,1107.7000561237337
2015-08-03,1089.4,2,1069.2276565756115,1093.0469681009808,1118.3421693288496,1104.1999873399736,1059.3039828085914,1096.4726074177686,1146.1540442831829,1153.3999487638475,1072.1284521791044,1114.7009388963993,1161.464099006514,1102.8000253915789
2015-08-04,1090.7,2,1076.7586115343067,1099.3985908573618,1112.5948445027086,1107.5999439001084,1069.4517986932776,1102.7736055506757,1136.130230382858,1138.2000008106231,1067.6924271553785,1111.4390787444536,1159.1552595111532,1119.199948477745
2015-08-05,1085.7,2,1060.0800376739253,1081.0481423167532,1111.1054864913558,1123.2000106573105,1046.7196194568055,1077.9127236260445,1128.5490265598692,1124.6000065684318,1053.160309514006,1103.270571541518,1138.517260797674,1117.300018644333
2015-08-06,1090.2,2,1068.0293172562815,1090.8708354344467,1118.861415431514,1115.6999675989152,1053.6986084314435,1098.8466510577678,1142.5713169314913,1122.400026869774,1053.778691064892,1113.125317631347,1163.710629432819,1138.0999523878097
2015-08-07,1094.1,2,1086.227475951842,1092.2010897885575,1118.1922493090458,1112.8999918699265,1073.13344690577,1112.190107175894,1143.446612008328,1133.0999859094618,1066.057389782827,1121.4802817263271,1162.2871241655969,1133.0999859094618
2015-08-10,1104.2,2,1094.8140577955528,1105.846564148227,1130.868313905162,1118.6000252962112,1079.5099413444668,1129.4242729674106,1161.8645454405396,1131.6000243663789,1075.2355026120197,1139.6347777241458,1181.5527965806975,1125.0000511646272
2015-08-11,1107.6,2,1098.143786436053,1108.2033240491853,1136.3594214091308,1117.1000052452086,1081.6559388820065,1132.6921220303743,1169.255892348288,1138.6999407291412,1071.3852118703485,1137.9190748633796,1195.6815666349885,1131.5999576568602
2015-08-12,1123.2,2,1103.2523489946882,1125.9323721712487,1151.2658372344715,1128.100053405762,1088.6970558356795,1130.960698201945,1179.7520913944431,1132.500005722046,1083.4886102103285,1142.899940321498,1205.3481769770028,1153.8000274658204
2015-08-13,1115.7,2,1099.2087155273182,1117.1517518756832,1148.911081068856,1152.9999570250511,1079.1142620925766,1143.2539707955998,1182.4250892682448,1123.7000585317612,1066.0445578595516,1146.268084671373,1215.7533463688906,1145.999939060211
2015-08-14,1112.9,2,1092.095137148401,1113.8351802900563,1152.7421659795923,1159.5999384641648,1064.8119271309024,1146.9490686788631,1196.072585670891,1120.6000517845157,1052.231431884491,1152.170849578989,1231.8113986703345,1131.9999492645263
2015-08-17,1118.6,2,1115.6065133924626,1117.1354526123368,1143.5322655718392,1153.3999667167664,1101.734013309077,1140.553608713713,1177.3447040832095,1120.400058054924,1090.8469936082547,1151.051102330851,1193.3127494172163,1127.0999704122542
2015-08-18,1117.1,2,1110.6314371236076,1112.271262451348,1144.3622510620585,1138.200047421455,1090.2108282807835,1129.111650556865,1182.7507387772876,1102.2000207901,1070.1632211178048,1142.9906840014885,1199.980484702485,1115.4999781012534
2015-08-19,1128.1,2,1104.9855184542062,1127.585879963797,1157.0166207116351,1124.6000235319136,1082.6936212400276,1124.014679831746,1192.702099194543,1109.5000040233135,1065.8066063768515,1147.7103872616608,1208.766704405051,1114.2000127673148
2015-08-20,1153.0,2,1132.025021032206,1150.4822145610085,1181.803438457065,1122.4000200033188,1109.2922404625065,1149.913200533922,1218.1015238361465,1103.4999838471413,1094.715769161062,1175.0624928757911,1231.4885150882092,1137.0999794006348
2015-08-21,1159.6,2,1137.4948145148526,1154.4603699177003,1188.7988462988087,1133.099987244606,1114.5612876164148,1152.9813096705384,1224.2206229935814,1107.6999802350997,1102.9529105479176,1181.8737116632196,1234.3442083288023,1138.1000196456907
2015-08-24,1153.4,2,1135.9003906545893,1147.0501151525818,1180.9247634196245,1131.600010061264,1114.46976728564,1151.1664599349804,1214.7385293919915,1102.8000302910805,1104.2856895515315,1177.6653751292222,1224.4796485926215,1146.7999860167504
2015-08-25,1138.2,2,1118.7365798008493,1137.2485889521174,1158.0213184556478,1138.6999955892563,1105.7876616818407,1124.0388820784638,1178.4445888084122,1119.2000319242477,1089.7809593581003,1145.209828444286,1192.797032986515,1149.0000404119492
2015-08-26,1124.6,2,1098.7288367378817,1122.6044222327837,1149.3476916327072,1132.5000507354737,1079.190327857777,1118.4111306468649,1173.2031842597596,1117.3000142097471,1068.7315009816657,1142.7610176575947,1188.5232157328348,1144.7000306606292
2015-08-27,1122.4,2,1094.1779720446268,1117.1514273567043,1147.401727554458,1123.700005722046,1072.1319996137431,1111.069841595105,1171.6204520806698,1138.100017642975,1064.0358558067603,1141.9561948300136,1181.4500238971057,1156.2999639511108
2015-08-28,1133.1,2,1108.5471202145573,1125.531795396543,1159.3450953431056,1120.5999951660633,1084.04496577202,1126.461594188364,1185.6433924994865,1133.1,1075.560220491377,1153.324140135588,1195.7679262828146,1164.9000079751013
2015-08-31,1131.6,2,1105.51991677531,1120.437809981759,1156.9379649438254,1120.4000224113463,1081.875939760261,1113.0261325946883,1182.3155182757769,1125.0000180244444,1069.0572160162208,1146.0709972775535,1189.193470613172,1165.7999556541442
2015-09-01,1138.7,2,1114.5267778829823,1124.505660485006,1166.0787104438946,1102.1999664247037,1088.1554851371468,1125.891023710603,1195.3829749107674,1131.599997931719,1081.4230569171325,1162.8404051483749,1197.4939885777192,1180.1000388264656
2015-09-02,1132.5,2,1106.2028803294231,1126.8580598627916,1164.210444844416,1109.500022381544,1082.0414345449287,1127.6951844181972,1200.8433746109,1153.799933195114,1082.8139750735213,1161.722731556556,1207.2010879504212,1187.900049984455
2015-09-03,1123.7,2,1103.6183289558303,1118.7567144714153,1149.779441364549,1103.499982661009,1085.3887739413624,1127.491243515288,1175.941542742799,1145.9999704003335,1091.130742290141,1156.389634841719,1181.4923161324427,1183.5999337077142
2015-09-04,1120.6,2,1090.65801336905,1108.2811421303572,1148.8519336461825,1107.700007510185,1066.971032938263,1105.10358068187,1173.6303604798877,1131.9999560832975,1071.1143007806568,1146.0511402371876,1171.8730053731215,1173.3000500917433
2015-09-08,1120.4,2,1088.6834580014415,1111.0962918549164,1147.2417001207484,1102.7999894142151,1064.6080343998376,1096.553995690848,1174.931271880154,1127.100008583069,1061.8206133928256,1139.7019590495552,1172.8486517745152,1177.999986076355
2015-09-09,1102.2,2,1074.4196196794146,1090.9562794601134,1130.0846057555952,1119.1999531030656,1052.3374345286147,1089.164781031876,1156.727301586386,1115.4999408960343,1063.9940358399572,1132.387602105713,1150.7028678043682,1167.5999494314194
2015-09-10,1109.5,2,1088.5121836637766,1103.2644577944152,1131.5483741455726,1117.3000608682632,1073.246346113629,1090.4637778553424,1156.0822477080435,1114.1999552845955,1073.8571633249362,1127.096254938278,1152.9480150653314,1166.6000589728355
2015-09-11,1103.5,2,1078.0213816807905,1112.3496220884913,1125.6754887793966,1138.100005209446,1068.439673387151,1104.7285508357684,1143.1308675298585,1137.099981486797,1068.011889460147,1122.5917524390525,1161.1268901692606,1163.3000242114067
2015-09-14,1107.7,2,1082.9056770689556,1112.8417334802696,1128.7076536662623,1133.0999860048294,1070.740762946131,1102.7037949466794,1147.1515264406387,1138.0999884486198,1065.033050054589,1123.9663502926294,1162.4155245370323,1167.0000421881675
2015-09-15,1102.8,2,1080.254992812771,1110.2342632704538,1128.2412909657178,1125.0000635147094,1065.0647108989683,1116.932366017759,1151.9587893473708,1146.7999505996704,1056.2669475169478,1127.0739416651888,1179.4948769990128,1166.7999639987945
2015-09-16,1119.2,2,1096.3911471307645,1117.95025220733,1149.4816051231471,1131.599965286255,1074.4665787463002,1130.268201831099,1180.8256300461924,1148.9999423980714,1068.3751971426382,1149.35360004648,1200.6239052397102,1177.0999928474428
2015-09-17,1117.3,2,1105.0209183914342,1119.984107391288,1143.2272597125825,1153.7999502539635,1085.0493130892894,1135.8027499350292,1166.798275863291,1144.6999695897102,1077.5032947873858,1141.1231013517454,1187.4070170126622,1147.1999935507774
2015-09-18,1138.1,2,1118.9604183096062,1134.604661033468,1158.9703328025585,1146.0000502705573,1105.075846240131,1125.1815657782636,1181.152136575122,1156.300004184246,1103.3100677230864,1155.6245411445143,1183.8909191654766,1141.4999426364898
2015-09-21,1133.1,2,1115.1705163816137,1132.1830315303916,1153.8499195583104,1132.0000082194804,1100.0374195556878,1122.486466754918,1179.3774003237288,1164.9000079751013,1095.4914100057838,1152.4152598524076,1182.1329340375216,1135.8000350832938
2015-09-22,1125.0,2,1111.6948972446417,1128.6718257646323,1145.599452941735,1127.10003554821,1099.855124575293,1123.6465005067305,1173.5141398313006,1165.8000200986862,1090.2132471086038,1144.7365299592184,1184.0395010651498,1114.2000183463097
2015-09-23,1131.6,2,1114.6459601782446,1131.25565359512,1151.1175678465984,1115.5000153541564,1102.4201257506504,1122.7926352354211,1172.963021430265,1180.1000065326689,1097.511981787761,1149.6538587296982,1177.9491046968435,1106.5000092744826
2015-09-24,1153.8,2,1134.521747477018,1154.4721399404796,1174.006552783687,1114.20000590086,1119.2070799745516,1144.2071162788718,1193.6166978004806,1187.899966263771,1103.2253791044366,1164.0564678456385,1207.156776124226,1104.4000188231469
2015-09-25,1146.0,2,1130.6120492665002,1139.4770572979223,1165.7404813695564,1137.100017786026,1118.303968167195,1143.2820812147766,1181.273024193656,1183.5999555587769,1117.2727452335405,1167.1018096260414,1188.3694115525154,1087.599971652031
2015-09-28,1132.0,2,1109.2604109923568,1127.491425347555,1156.5244554190629,1138.1000499725342,1093.0130836884218,1125.0340399165775,1178.9183012482622,1173.3000264167786,1092.5888645233265,1153.155922044995,1186.530241143898,1087.900001525879
2015-09-29,1127.1,2,1112.9651613063595,1127.738734442364,1150.2927163262611,1146.799979066849,1097.9142085251458,1138.427078788825,1173.4934062164,1178.000032532215,1096.091803553151,1154.8004559059286,1187.3839331382214,1088.1999983668327
2015-09-30,1115.5,2,1095.6412484726766,1114.2624990275003,1137.1660463962985,1148.999941289425,1079.9817950415295,1115.7898382873589,1153.294120007735,1167.5999678373337,1075.9494027502508,1133.9605583813145,1167.0662056912522,1084.69997677207
2015-10-01,1114.2,2,1097.5346086709385,1112.2062271391317,1137.377792502288,1144.7000104665756,1081.4488421973624,1120.2445844212775,1158.366782480502,1166.5999979496005,1077.0323058128115,1137.6324903057437,1172.7628564192205,1080.7999987721444
2015-10-02,1137.1,2,1122.0394181489514,1134.901000244948,1160.4911425212056,1156.2999814748764,1104.2590628283265,1141.139818002666,1178.470294125779,1163.300067913532,1099.579446887985,1154.272899840008,1192.7427617724616,1080.8000077247618
2015-10-05,1138.1,2,1120.9910666175497,1137.6862299759346,1160.5592611368195,1164.8999867796897,1105.0991665831946,1143.7525996628,1184.6927419875028,1167.0000550985335,1100.734518403638,1165.8146525714535,1196.5541868846433,1083.6999681115149
2015-10-06,1146.8,2,1130.9414849931568,1147.2195676951108,1168.6030859491202,1165.7999831676482,1117.0955269476303,1148.8559603504298,1193.7024037408846,1166.800011062622,1113.9614226302751,1172.1527919158625,1203.513164104055,1068.700008749962
2015-10-07,1149.0,2,1141.3003541541648,1149.9002346769075,1169.8164934108345,1180.1000579595566,1129.6695804679678,1163.8841988106112,1194.664147850389,1177.0999717712402,1133.9973155404496,1183.5477413683718,1201.7025686970344,1068.7999833226204
2015-10-08,1144.7,2,1130.9824982521943,1146.1818256872853,1168.8088375714826,1187.9000137925148,1115.2318410431117,1162.2870020971138,1196.6077107000608,1147.2000630259515,1116.8760020624686,1183.1338172957317,1207.536473219723,1077.9999941825868
2015-10-09,1156.3,2,1140.2253327895269,1156.457806346854,1182.087948184151,1183.5999625086783,1123.8322718716556,1170.3453302396508,1208.327843395552,1141.500005429983,1123.6298977113686,1189.0350554221566,1222.4408098200086,1076.3999888002872
2015-10-12,1164.9,2,1147.1330235164148,1159.4278328566038,1193.7330267278398,1173.3000588655473,1125.024233566539,1175.7978446968132,1223.0895416653675,1135.8000242114067,1123.0662823003856,1198.0417356499283,1235.1429431858585,1066.7999771118166
2015-10-13,1165.8,2,1152.437512908917,1161.2721047177777,1193.1941249886108,1177.999988222122,1131.3217488320824,1179.4225476865568,1220.852170274073,1114.199995136261,1125.4901660392345,1195.3985208351571,1235.6930034058207,1074.300018846989
2015-10-14,1180.1,2,1167.6951333834013,1173.4427915385634,1206.1853420520272,1167.5999778866767,1148.328775825216,1189.9027267021652,1232.4083906397125,1106.499973899126,1145.4572589064187,1209.718110828476,1242.876835978708,1070.499966484308
2015-10-15,1187.9,2,1171.0280638756003,1183.8251709478156,1215.3706384496843,1166.599995929003,1148.3691390400093,1196.1060978237451,1236.006310348726,1104.3999963402748,1138.6405997555723,1206.8475965963669,1254.983148218784,1056.200000756979
2015-10-16,1183.6,2,1168.4157265951735,1175.214925307008,1211.687050288052,1163.3000080823897,1145.7541679402818,1188.482884680514,1234.119101781273,1087.5999669790267,1141.141399007677,1204.5431334940756,1246.6167378050525,1065.7999822616575
2015-10-19,1173.3,2,1153.7598624185764,1166.246551221513,1198.4186561273616,1166.9999839246273,1135.2468799289695,1166.7705052907422,1213.2218459956855,1087.900007432699,1136.1036106405634,1186.0303770668163,1222.4611265142755,1063.8000069916247
2015-10-20,1178.0,2,1153.593007745721,1174.0932615999116,1207.3328981373463,1166.7999811172483,1134.7453385623637,1176.441960708691,1228.3288476666992,1088.20001912117,1143.6644027856266,1200.3679647230892,1237.127650735077,1054.200021982193
2015-10-21,1167.6,2,1143.573011195561,1162.5520811104225,1191.151516661063,1177.1000508785246,1129.3977071397987,1159.6591685687215,1205.613520089366,1084.7000058174133,1136.500947251939,1187.3277946104497,1211.4440942865726,1061.7000364780424
2015-10-22,1166.6,2,1138.8337830975331,1159.902444167337,1189.8660122650624,1147.2000053763388,1125.3419078777297,1153.0254092006371,1202.836826376701,1080.7999936699866,1133.3897185791975,1185.1747314560905,1207.340919544751,1084.5000087738035
2015-10-23,1163.3,2,1135.694206949419,1154.3146336524685,1186.855791275493,1141.499967944622,1120.7972999834014,1148.1729132938808,1200.607116007223,1080.8000230908394,1128.9900989582006,1182.5134534243964,1202.9182084458591,1076.3999670028686
2015-10-26,1167.0,2,1137.6291699753497,1158.949349819061,1190.1631309345332,1135.7999677062037,1123.9893411388516,1150.439241415546,1201.0333121312112,1083.700004518032,1132.0878575849256,1183.7199624343757,1204.829881726085,1076.3000106811523
2015-10-27,1166.8,2,1132.2304532773608,1154.0977556052087,1194.4461990120394,1114.2000229358673,1111.8447631960407,1148.2008540190477,1208.053702258235,1068.6999988794323,1120.118703095152,1186.171936801319,1209.9120272754187,1077.6000291109085
2015-10-28,1177.1,2,1140.8013479024148,1166.221561092149,1206.0526070298456,1106.5000267863272,1118.0942449597426,1157.7644413953765,1217.1948617405374,1068.7999854385853,1123.3838148721145,1189.6609354006237,1223.6206626794165,1073.0999899685382
2015-10-29,1147.2,2,1109.5457206545266,1138.0944343788428,1176.460496536415,1104.4000144958495,1090.3542367383204,1130.2347557280127,1191.6645726635988,1077.9999844551087,1104.8379887854153,1169.408936582655,1193.4008038722714,1076.899980354309
2015-10-30,1141.5,2,1102.4560178817692,1128.6511950689771,1171.815563698579,1087.600012421608,1079.5704092382723,1117.5512026941858,1181.3027992112247,1076.4000256061554,1090.8739190335928,1152.455655311095,1183.738725304257,1064.7000223696232
2015-11-02,1135.8,2,1099.2357045955098,1123.098289171617,1167.1333095571338,1087.900010204315,1076.358315507509,1114.7297478380808,1178.286087816365,1066.8000059366225,1086.8490514036664,1146.0617621325869,1182.6798340375033,1062.9000045061111
2015-11-03,1114.2,2,1079.5267050143495,1104.5872772522623,1144.2377459162017,1088.1999660372735,1058.124824798392,1095.7622062416,1155.2182480843678,1074.299973678589,1068.9736771998669,1124.1995563424491,1160.6062672946812,1078.0000237226486
2015-11-04,1106.5,2,1072.5337867954354,1099.8578125343802,1135.0850840492071,1084.6999816596508,1055.432060928221,1093.541748794917,1151.8935084025034,1070.5000042021277,1064.7092341488997,1125.076296955648,1160.1729428664537,1050.7999806702137
2015-11-05,1104.4,2,1074.4356404787045,1100.8927782470746,1130.0695566438228,1080.80003221035,1060.456849419002,1093.093256591046,1145.005509547516,1056.2000150203703,1072.8684777518854,1122.8398918041312,1150.9851158065533,1066.1999824047089
2015-11-06,1087.6,2,1061.5195231542957,1082.8407254203717,1111.539187203664,1080.8000106811523,1047.654839744555,1075.6356651413762,1125.112009805383,1065.7999846696853,1056.7350614852762,1102.1845725067003,1131.1959821433215,1081.8999784469604
2015-11-09,1087.9,2,1060.5132375769922,1083.3491625881452,1111.920944454927,1083.699996203184,1046.2981978914345,1077.0465061127395,1127.9872376903063,1063.7999890208246,1051.0074713091522,1104.3473592844357,1137.2928227612565,1074.7999773502352
2015-11-10,1088.2,2,1054.9500343258787,1082.0145288654833,1116.413552372106,1068.700020992756,1038.1307844577243,1075.8701924373345,1133.5063114909833,1054.1999767303466,1047.2756117598924,1106.6889201508957,1141.9125789865589,1069.4000092625618
2015-11-11,1084.7,2,1055.922771241916,1080.5022828064175,1111.9435015320812,1068.7999781131746,1042.0745765985369,1075.688213783415,1130.795942164667,1061.7000268936158,1054.579312362475,1104.9652459861372,1137.9905641103785,1077.1999750375749
2015-11-12,1080.8,2,1064.6224785340205,1083.0272460274202,1099.147863763493,1078.0000186920165,1058.2893136782704,1079.9490654928015,1114.411015980069,1084.4999384880066,1064.0783623405034,1099.8960597817013,1124.119206847909,1070.5000319480896
2015-11-13,1080.8,2,1067.0257421226815,1082.8983340186526,1100.2639364705708,1076.4000017642977,1058.8504902968796,1085.436814304331,1118.3149842389864,1076.4000017642977,1058.2912203281162,1100.5323817688304,1132.927146504565,1077.499985218048
2015-11-16,1083.7,2,1063.735780030598,1087.9225403508035,1104.4062950571888,1066.8000010252,1053.4186892846076,1087.6455071876055,1120.5766015188765,1076.299968725443,1047.324141472732,1100.1406006297602,1141.996271115573,1060.0999700903892
2015-11-17,1068.7,2,1049.306835155572,1075.9847559299053,1087.3029251518128,1074.299949026108,1041.1375164268272,1073.6175016139755,1102.1608285507862,1077.5999644875526,1037.590786137783,1086.4925159157406,1121.9900908706038,1060.3000127613543
2015-11-18,1068.8,2,1042.6352316879322,1070.950665389645,1093.8565522090876,1070.5000434875487,1029.2246550141797,1067.224758259434,1114.6357734172109,1073.0999900817872,1032.8400948647882,1088.5272354036708,1130.3202018441905,1075.0999588012694
2015-11-19,1078.0,2,1045.3714861658298,1069.8777045952509,1104.817634338065,1056.2000325918198,1028.8379590135205,1060.3701759000662,1121.9776123043987,1076.899974822998,1041.2236418133048,1095.8589225144117,1124.9550682052168,1078.4000442028046
2015-11-20,1076.4,2,1051.4528580872511,1073.1701961463166,1099.245174541829,1065.7999992370603,1039.2257743591178,1068.866140418749,1113.6676213859987,1064.7000027894974,1043.2275969667528,1092.8612929026158,1124.2097823792494,1091.900037431717
2015-11-23,1066.8,2,1048.2145202556967,1071.2820745287818,1087.6412725232933,1063.8000014305114,1040.4259753736233,1070.359409543857,1104.6708547262256,1062.9000018596648,1043.4683987597557,1086.1647015162644,1120.351907064687,1107.6999381065368
2015-11-24,1074.3,2,1048.510079346063,1077.99609786902,1097.4023116195733,1054.2000206172463,1036.8429465475522,1072.8032839074451,1115.59220707456,1077.9999704003333,1041.4723727282376,1094.397000994354,1130.0723768867051,1097.7999539136886
2015-11-25,1070.5,2,1052.8724147014575,1083.238492291576,1091.2192479843193,1061.7000252008438,1045.5246653914455,1085.969467621103,1110.4171329736223,1050.799978107214,1040.2279574990307,1091.401550795282,1137.7967315941669,1096.499983549118
2015-11-27,1056.2,2,1038.733895690921,1066.6938619198943,1074.6699921946692,1084.5000289440156,1031.800559568243,1066.9851575603768,1090.389534998424,1066.200058722496,1026.4203926605142,1074.957136282429,1114.148955227349,1085.5999686717987
2015-11-30,1065.8,2,1062.24945075429,1067.7429833389951,1085.029667232701,1076.4000535488128,1055.4752002873015,1081.263671113251,1108.8011740008292,1081.9000621557236,1057.1547316325752,1093.4907996142274,1120.564937792794,1087.5000616788864
2015-12-01,1063.8,2,1056.2020424562422,1068.505128808273,1078.2656080005474,1076.3000121831894,1054.5861796256297,1069.6191653511214,1092.5288399112635,1074.8000462293624,1060.429631542817,1084.934148847758,1101.2215775973157,1073.900041294098
2015-12-02,1054.2,2,1046.812608166473,1061.3789635023593,1069.2304170681855,1077.5999603033067,1042.9747931716329,1066.4677154700662,1086.142361616719,1069.3999645471574,1043.9116129102194,1078.457424899046,1099.0830549530203,1091.4999898910523
2015-12-03,1061.7,2,1046.4151593074207,1060.9453155290807,1076.5256820937332,1073.1000444531442,1040.301810772354,1055.228153862589,1086.799510011733,1077.1999749541285,1042.2694194692956,1076.4465778905344,1094.036883074432,1089.8999634146692
2015-12-04,1084.5,2,1066.169063635043,1084.398630273562,1103.453898894402,1076.9000004529953,1056.7241899873206,1083.2796332567716,1117.7280977705134,1070.500000834465,1059.301207396791,1104.6169028881768,1127.3941602798402,1107.099998652935
2015-12-07,1076.4,2,1062.5003570082647,1078.5454249223612,1091.1261796813965,1064.7000027894974,1057.496421857581,1074.7340881730686,1101.9561534002337,1077.500060606003,1057.5949308776185,1092.118135259214,1112.7612901880564,1099.100025844574
2015-12-08,1076.3,2,1058.4237197265898,1074.553965315627,1095.174133856327,1062.9000226080418,1051.6992586544902,1070.9291072412332,1107.662167109279,1060.1000235021113,1060.8881797961997,1094.705791780918,1113.0454232236063,1097.1999795794486
2015-12-09,1077.6,2,1049.4599686615436,1075.3349001818694,1101.0931595883,1078.0000242233275,1038.553768346378,1066.122633518754,1116.422523494698,1060.299980020523,1055.8671781987805,1099.0127332007382,1118.1889187136323,1106.2000619888304
2015-12-10,1073.1,2,1045.165810403004,1069.7974943686218,1098.7649703851205,1050.7999936938286,1031.6533315142442,1063.6067313613687,1118.0330288660766,1075.0999558210372,1045.6880806432555,1094.9575484755476,1122.529599738126,1121.700052177906
2015-12-11,1076.9,2,1040.7868958153863,1076.263233560068,1105.9827866608614,1066.2000126302244,1023.5442561111151,1069.2380208327045,1125.2806668735905,1078.3999508380891,1032.915623222868,1098.3505152686869,1137.543436419032,1116.100016117096
2015-12-14,1064.7,2,1036.9024245470246,1065.7865497074208,1086.4058610883187,1081.8999794483186,1025.8281173827131,1055.91073106804,1101.4647692758008,1091.9000471949578,1036.8579332043585,1084.7514963125489,1108.0531629464683,1115.5999627947808
2015-12-15,1062.9,2,1039.3081843356283,1067.825260214619,1085.2873744239243,1074.7999933362007,1029.1748975807895,1063.5934654911896,1103.7358954766164,1107.6999898195268,1034.6464056513742,1083.5802619226608,1118.2512581195165,1116.399983882904
2015-12-16,1078.0,2,1053.713338574954,1074.2920987611951,1102.067066444363,1069.400013446808,1041.3642160568108,1069.6290668820986,1119.96779550451,1097.7999391555786,1049.1474167396138,1095.8754782779322,1128.2568608456477,1127.9000205993652
2015-12-17,1050.8,2,1032.1714210512746,1049.1878999953851,1070.071863405366,1077.200000143051,1022.1238973334448,1047.7677631014042,1082.9503418680283,1096.4999732017516,1018.0912662424672,1064.2205972216047,1097.926073681327,1127.3000360012054
2015-12-18,1066.2,2,1037.1687761458904,1062.6824186718015,1090.324999609405,1070.499952054024,1023.8423545719548,1055.5065565428588,1105.056328740445,1085.6000526666642,1032.9654012627304,1084.354066750588,1112.2533102720931,1141.3000079870224
2015-12-21,1081.9,2,1058.9845727711545,1078.7777485864808,1104.3521058889598,1077.499973154068,1048.615047551266,1075.0641800373453,1119.298675534758,1087.499987268448,1058.5870786318465,1101.505312655572,1125.3812878544295,1157.60003978014
2015-12-22,1074.8,2,1052.567656740612,1068.014621822546,1099.9211806097671,1060.1000233888626,1040.074933912192,1068.5215729970523,1116.977515853866,1073.8999778985976,1047.661131422634,1093.343342767339,1124.7430087368757,1157.7999882221222
2015-12-23,1069.4,2,1032.3905085566685,1056.3201453165552,1099.3959325347494,1060.2999865651132,1013.2000304322032,1047.3464306802562,1115.4687510685235,1091.4999688863754,1028.1160702760862,1086.6475683401177,1115.945809988309,1197.899978876114
2015-12-24,1077.2,2,1045.2314817288632,1067.4165095823275,1103.0447950464136,1075.1000103235244,1026.938167517823,1063.3172524769864,1114.6615451584876,1089.8999711990357,1024.0856811397457,1089.2160033860416,1127.5819797347465,1198.6999438762666
2015-12-28,1070.5,2,1047.4198079678372,1065.4615450796334,1093.1705312762276,1078.4000440835953,1036.1180096076746,1063.745535674361,1106.0251578986897,1107.0999473929403,1041.434835364562,1087.4240102046829,1114.7902906161737,1194.7000097632408
2015-12-29,1077.5,2,1052.0886226807245,1072.7516739085577,1100.306390454199,1091.9000494480133,1039.8674069966246,1068.2925163908385,1113.2276048645658,1099.0999457240105,1044.6777341575366,1093.4503308483638,1122.301646649811,1247.900028526783
2015-12-30,1060.1,2,1038.7695992790127,1054.179927570826,1081.2588721342013,1107.6999433994292,1028.9650184758525,1049.773056454368,1093.985821222058,1097.2000525236128,1037.235200183376,1075.880115530549,1098.9292326375448,1239.099975121021
2015-12-31,1060.3,2,1034.6798625631077,1061.5727139735668,1084.8693797810804,1097.8000220417975,1023.331476647546,1059.242025363871,1101.8267633983462,1106.2000279903411,1030.2424847502614,1080.4492274826855,1115.2535009802357,1207.900050354004
2016-01-04,1075.1,2,1058.0605646817078,1078.3573495035253,1096.8936011643275,1096.4999626159668,1049.8836699621495,1080.3540462382794,1114.7746152779691,1121.700053942203,1050.347970154154,1093.6002880289996,1132.708399827101,1211.1000331163405
2016-01-05,1078.4,2,1063.2594907518262,1081.8934524130516,1096.4649025148838,1085.5999965667725,1057.690660229444,1083.660442833815,1107.8001211438036,1116.0999980926515,1055.311067201946,1094.8207603688493,1125.4238834952168,1226.100009918213
2016-01-06,1091.9,2,1076.753534340472,1095.7735752684878,1108.0516202176482,1087.499980157614,1071.753109498908,1094.1385877579962,1118.4816596854823,1115.5999841094017,1070.1214897347666,1108.0371944058668,1133.5858899831069,1230.3999752402306
2016-01-07,1107.7,2,1092.9788193450015,1112.0624383103316,1125.2886029757851,1073.8999702751637,1086.916059090188,1112.7769119966852,1139.3670784569424,1116.3999910473824,1088.1843162402188,1128.5969388079136,1152.885654550228,1209.4999969363214
2016-01-08,1097.8,2,1091.2879513011387,1100.3600092044442,1116.057394670499,1091.5000164985656,1085.8764471592876,1111.7204571181462,1133.2405555357154,1127.900022959709,1084.0409111416557,1121.348257204178,1148.613966390156,1222.3000540971757
2016-01-11,1096.5,2,1089.4029047257216,1103.0517999136105,1113.710821042247,1089.8999745547771,1082.8752898005964,1115.1699585459571,1132.2887126744097,1127.300031602383,1079.1124329087993,1124.349439116534,1149.0932301325167,1238.7000432014463
2016-01-12,1085.6,2,1068.0956317222244,1087.057301421621,1105.8778543585515,1107.099999809265,1057.0012562712675,1092.224979799728,1120.0676716407202,1141.3000037193297,1047.022197102567,1102.6268164359817,1141.805432088321,1238.1999932289125
2016-01-13,1087.5,2,1069.9582659340035,1083.3189829302248,1108.7473380766091,1099.099937081337,1059.0874745289032,1086.2030134894517,1121.859925714349,1157.6000332832336,1051.7547380907113,1099.8176642592598,1139.8672317204653,1219.8000580072403
2016-01-14,1073.9,2,1063.377417447085,1071.2638120477627,1093.8122953831958,1097.1999438762666,1055.3293478041162,1079.1060282116655,1108.0579166637788,1157.7999737262726,1044.5506940203584,1085.617544338004,1129.5476615984403,1233.900014591217
2016-01-15,1091.5,2,1075.4052282621076,1096.7333202460295,1108.5565115161005,1106.19996124506,1068.6702048266284,1099.006290763337,1118.0836546410644,1197.9000045061111,1058.1221997117357,1105.9413137248298,1141.5537617680438,1230.3000332713127
2016-01-19,1089.9,2,1072.04411408559,1091.4684710852612,1112.7318827902836,1121.6999583005909,1060.832807164744,1097.9995939773562,1129.663826929558,1198.6999439477922,1052.8048056966534,1107.3567717061212,1153.0104980377653,1241.1000615835192
2016-01-20,1107.1,2,1101.0536397884443,1103.131314728408,1127.7209973239094,1116.100012564659,1088.3760068589531,1120.95978660822,1151.0917980358772,1194.6999991178511,1085.8005226968844,1138.0951529753115,1160.2489732641711,1257.399972271919
2016-01-21,1099.1,2,1076.6032506481954,1094.8088893321465,1117.0357428768546,1115.5999796390531,1066.4210507524278,1086.802133478846,1126.3089754005598,1247.8999902844428,1067.9989842245232,1112.5905697942114,1133.487351297409,1269.900050485134
2016-01-22,1097.2,2,1080.2070532922835,1098.148092211155,1115.232931729364,1116.4000007152558,1069.9583993727692,1100.5129018947214,1128.277658499182,1239.100003242493,1064.6728815556514,1116.7749447243025,1143.1858364375796,1263.200030708313
2016-01-25,1106.2,2,1084.1006092728646,1097.4859794468148,1132.3795973233623,1127.9000190496445,1064.182702123729,1107.6349946955745,1151.8661191592228,1207.8999902248383,1056.4716546386965,1128.4035790294886,1166.7558187598584,1262.0999934434892
2016-01-26,1121.7,2,1105.032662735339,1116.2455654052465,1147.11057243683,1127.2999367594718,1088.6847709611104,1125.5587188705597,1170.9926413495093,1211.1000171661378,1083.0743996440187,1143.5251220108964,1186.9171622795143,1256.6000549197197
2016-01-27,1116.1,2,1106.819236864859,1108.810112517753,1138.4716943878982,1141.2999721884726,1092.7125827025827,1122.7935066339555,1161.699369934314,1226.0999947547912,1089.7352659909848,1142.0232072242782,1171.0852429099468,1271.999939346313
2016-01-28,1115.6,2,1104.172823686381,1111.3949175056457,1138.618257024979,1157.5999340534208,1089.3347107017005,1125.410487700477,1162.879011391011,1230.4000591278077,1085.8535771204513,1143.634736796931,1174.8187534610738,1258.7000403404236
2016-01-29,1116.4,2,1107.808290722664,1109.945005485138,1137.9914248264572,1157.8000267505647,1095.0201553373172,1123.7557709112457,1159.6707651909492,1209.5000534057615,1091.3765136084985,1141.2300877517546,1170.1214605191342,1244.399930334091
2016-02-01,1127.9,2,1119.8283851343126,1120.18413224375,1148.7828186759505,1197.9000269889832,1106.2981723439657,1134.570912734422,1171.003520314716,1222.3000548362734,1106.5675635322752,1157.2979137067716,1175.5717303135418,1230.3999626874925
2016-02-02,1127.3,2,1120.4209639480212,1122.9932735301393,1147.687665211205,1198.7000332713126,1109.2217773600248,1138.133340489148,1168.1862583251411,1238.700022172928,1104.390618563626,1152.968029274047,1180.2372088562645,1229.2999515414238
2016-02-03,1141.3,2,1135.9579390201272,1136.5393176426994,1162.2054644969992,1194.699934720993,1123.7664855613589,1154.741871914575,1185.1723084588348,1238.1999319911004,1120.2462200347993,1171.140820294763,1195.2262618861405,1264.5000379323958
2016-02-04,1157.6,2,1149.4444064247707,1151.931514854435,1179.848232940699,1247.9000553131102,1134.4973224495666,1167.3588809729424,1200.236463209831,1219.8000686645507,1128.7912865474823,1181.650848745565,1212.2690559981345,1253.7999650955198
2016-02-05,1157.8,2,1146.8908603925884,1152.250938214221,1179.416143167473,1239.1000184774398,1131.963346328099,1162.4614753005812,1195.6186815767603,1233.899957537651,1125.2555696001214,1175.83616407032,1208.7038612042072,1243.8000310897826
2016-02-08,1197.9,2,1187.166402756086,1191.8472495612996,1219.8803471145643,1207.9000549793243,1171.349065796601,1202.1430937302136,1236.5201385025032,1230.299932515621,1165.75349238899,1217.1141973474432,1247.963203971078,1248.200013792515
2016-02-09,1198.7,2,1187.8577873436218,1191.3774981152785,1218.842853975025,1211.0999585151674,1173.2273623344126,1200.3677625256994,1236.347029560295,1241.1000102639198,1172.3496293234052,1223.3783785210674,1241.0054005044162,1223.6999716758728
2016-02-10,1194.7,2,1180.1792938426374,1188.1201900996757,1216.747420097465,1226.100046014786,1166.641175713722,1194.8179013526558,1238.0936111859874,1257.3999712347984,1175.6840500883493,1225.7180424270064,1237.812331429947,1221.400065433979
2016-02-11,1247.9,2,1229.6484468391875,1236.1802418921516,1273.2451685673475,1230.4000214338305,1213.142127814227,1242.4389610363437,1296.3224244029475,1269.90000705719,1225.1848785560203,1279.986812731543,1292.514681937777,1219.900004541874
2016-02-12,1239.1,2,1225.8873239705256,1232.073374279894,1260.6559388925002,1209.5000199496744,1213.0910960498368,1239.711936120837,1280.6031175981266,1263.1999889969825,1216.3280943410691,1267.0697260534428,1284.6369387512573,1235.6000325500963
2016-02-16,1207.9,2,1190.8271906999946,1196.9578780790653,1230.91083560073,1222.3000100493432,1175.5020735316846,1201.951052968768,1250.5723762163552,1262.0999358296394,1180.7572319969188,1234.0115541331097,1251.321914658886,1226.9000072598458
2016-02-17,1211.1,2,1191.4738937744926,1196.279729152744,1236.912048006108,1238.700048422813,1172.5275281365978,1201.1239876123848,1257.1678646233254,1256.6000160098074,1179.8749224357762,1235.979192810355,1255.2668679849564,1234.2000436663627
2016-02-18,1226.1,2,1204.5606697931526,1213.8197471726164,1250.6477908318154,1238.2000633835792,1187.682789053688,1213.3566030328727,1265.6276144693204,1271.999997639656,1195.183146783614,1245.3577904070414,1265.8644138411455,1222.2000188291072
2016-02-19,1230.4,2,1206.5811423440905,1220.820325984129,1257.8747171829084,1219.8000098228456,1186.4407635261537,1223.7774949847212,1276.9214589757637,1258.6999357223513,1192.130486578418,1253.648866280857,1281.3286403836064,1218.0000128746033
2016-02-22,1209.5,2,1176.8572695156572,1197.2405661808975,1241.723749416241,1233.9000524878502,1154.004830301213,1195.8807685709924,1261.6862914669491,1244.3999373912811,1160.9120889632702,1228.78452996269,1268.5473039878398,1228.4000235199928
2016-02-23,1222.3,2,1192.4803968699212,1208.6938830306208,1252.5374092048626,1230.3000351905823,1169.559080491256,1207.2957884350528,1269.3142728189675,1230.39999191761,1172.8146475452506,1237.6718338357175,1276.1279863068828,1222.5000591635703
2016-02-24,1238.7,2,1207.9616339798697,1224.9917881526203,1270.741739790094,1241.0999918818477,1181.463971433905,1223.5902267663082,1286.321972415417,1229.2999702692032,1184.038910143154,1250.9674877469593,1293.964253129962,1236.1999653875828
2016-02-25,1238.2,2,1205.7789953850638,1223.9868220135183,1270.4424093996863,1257.4000080823898,1180.798260421031,1220.7772708606583,1284.327793781271,1264.4999534130095,1181.0132596443857,1246.6498173554687,1295.4250982352671,1242.500027179718
2016-02-26,1219.8,2,1188.102304866846,1210.35202901688,1253.542523974451,1269.8999298334122,1162.015138444928,1209.3200995198488,1270.3067485007057,1253.7999695062638,1159.099523784354,1227.9460974057074,1288.1139178809124,1256.7000562906264
2016-02-29,1233.9,2,1201.8202109404622,1226.668237646071,1264.258377632563,1263.2000591397286,1179.820029351711,1221.3651342643316,1277.2961535453248,1243.8000501036645,1180.0786630797145,1243.0114326094772,1292.2384380296342,1259.3999284744264
2016-03-01,1230.3,2,1198.5189607868274,1218.5271392419957,1264.0333793458346,1262.0999526143073,1167.6228984071113,1212.74672429351,1271.8527214310077,1248.1999488830563,1161.916991965566,1224.5180556275698,1289.2007567445269,1246.8000487446784
2016-03-02,1241.1,2,1200.4200098052063,1225.81728512158,1279.7663480185172,1256.6000497698783,1167.5609712687217,1216.6426009224756,1291.8697444308657,1223.6999679923056,1173.5567018773663,1241.8529986872643,1301.7607965471068,1225.0000103473662
2016-03-03,1257.4,2,1216.5116584067905,1246.3260016124389,1296.535508393028,1271.9999520778656,1182.7508734319545,1237.7816104307706,1309.6982175138364,1221.4000154972075,1185.0393701829598,1257.9168111618826,1325.2409050942351,1233.099972987175
2016-03-04,1269.9,2,1225.878535943818,1263.5491350057446,1311.5618750314663,1258.700015258789,1189.710047488344,1257.1381293817726,1326.2993688495333,1219.900024867058,1186.8008245345868,1270.9121769036285,1350.8510615600455,1233.5999629497528
2016-03-07,1263.2,2,1208.18415601551,1255.30776636148,1309.882095138908,1244.3999680042268,1169.2246346894103,1245.8354026412896,1329.7004503720436,1235.5999962806702,1173.4935790099598,1271.453014604754,1351.218129312863,1253.000037908554
2016-03-08,1262.1,2,1214.4192170748013,1249.026439350423,1311.5159033254672,1230.4000099003315,1171.5602784622408,1247.9119984618908,1330.5726518381543,1226.8999974668025,1166.0465902200813,1260.0458698841617,1359.03378025108,1253.1999662339686
2016-03-09,1256.6,2,1208.5310159873452,1236.8170459190185,1302.7273073189908,1229.2999918222426,1172.234030961294,1229.6405740965413,1319.5739147282632,1234.1999721646307,1185.4260243301253,1261.7977417835352,1327.378893591789,1248.999978518486
2016-03-10,1272.0,2,1228.4958532796377,1261.4743578214957,1314.5418084050486,1264.5000200271606,1194.2615234092293,1254.712939693828,1326.9920995010634,1222.199987411499,1202.098903650232,1274.262654862149,1342.3209645074633,1228.7000155448914
2016-03-11,1258.7,2,1215.272893062912,1240.289451449743,1303.7481105669551,1253.8000085830688,1178.064408832109,1233.3941171844654,1318.2049769444222,1218.0000314831734,1188.4408888337307,1257.907996149812,1327.8320929893457,1238.9000193715096
2016-03-14,1244.4,2,1194.9826996958027,1230.8683044173488,1293.452737767418,1243.800022530556,1157.6166381653418,1226.8524215380864,1320.2782070320604,1228.399982714653,1166.2988773698903,1255.1209668864117,1337.8497316503745,1242.199983716011
2016-03-15,1230.4,2,1189.5892852232885,1221.4440572691897,1273.8823245376814,1248.2000513076782,1157.503002437158,1221.367366788685,1298.0009121311025,1222.5000052452087,1159.0871272404568,1240.325109809277,1320.8883934583637,1249.1999355316163
2016-03-16,1229.3,2,1196.820080832315,1215.57404177174,1272.2415022280306,1223.6999683618544,1158.6001013880136,1210.354811325399,1283.6739628267478,1236.2000232815742,1164.39101996886,1217.5518245451517,1297.7217715699817,1265.5000265717506
2016-03-17,1264.5,2,1225.7871263970378,1256.5515872191488,1302.7947971735148,1221.400000423193,1197.5906220368215,1250.8410099145192,1319.9336414884,1242.5000031888485,1204.5517748222196,1273.563627200144,1335.031598190623,1289.1999789476397
2016-03-18,1253.8,2,1210.1494746845642,1250.683598286397,1298.8807522840116,1219.9000071644782,1175.811299401122,1251.648814812891,1322.087666175826,1256.7000617742538,1172.221789642945,1262.761836917187,1353.93136721482,1294.6999435186383
2016-03-21,1243.8,2,1202.726158960606,1238.694740301902,1292.9510681412585,1235.6000110030177,1165.0191178897844,1243.3038206102055,1315.9024212813308,1259.4000477790833,1162.819869167035,1246.9483011516788,1348.9810062217866,1290.6999307394028
2016-03-22,1248.2,2,1202.515187475796,1244.1945219922172,1295.5374142271596,1226.900002002716,1172.4776394603548,1248.7129029271016,1323.171402461206,1246.7999686956407,1178.1888876831383,1267.756026478411,1351.2924088303223,1273.299976682663
2016-03-23,1223.7,2,1178.459452435887,1210.937937566719,1271.9584742367524,1234.2000379443168,1143.1976354159872,1212.634763820916,1292.55854637453,1225.0000505447388,1149.6054349491062,1231.3959907169778,1313.6917114302132,1271.3999806523325
2016-03-24,1221.4,2,1173.235555981013,1212.0295396086087,1269.1590754144106,1222.199938631058,1142.441895159577,1213.2825137038851,1295.6934401007316,1233.1000124931336,1154.3342517038604,1240.6910341888913,1315.3622478698016,1292.9000116348268
2016-03-28,1219.9,2,1197.60316092553,1219.388903721499,1251.109678146377,1217.999970406294,1179.38828659246,1224.6100318426134,1268.5564855910045,1233.6000488281252,1175.6786492629967,1230.56507909041,1293.8451105569295,1265.6000344395638
2016-03-29,1235.6,2,1198.203069476467,1232.4495248785872,1280.9074590550513,1228.3999995470049,1169.1738903657945,1235.360507062547,1305.1475591466094,1252.9999581336974,1180.476462012003,1248.3011178339525,1327.6778207562136,1263.8999352931976
2016-03-30,1226.9,2,1189.548595707039,1226.074378500432,1264.23844821687,1222.499978017807,1170.8461223772304,1224.988158463187,1286.9396794843046,1253.1999452471734,1188.1537706827478,1251.601733833476,1301.426286542146,1274.599959087372
2016-03-31,1234.2,2,1195.1076146141756,1224.8349683228334,1274.7647691969207,1236.2000594615936,1171.306935496389,1220.718769588102,1293.6583578424409,1249.0000574827195,1194.8965162445725,1251.1550617197006,1299.4035885586895,1270.2999403953552
2016-04-01,1222.2,2,1189.9926142943857,1218.586470413548,1258.6589888637234,1242.5000457286835,1171.7985159110906,1218.5239742572944,1277.6654075972356,1228.700006747246,1190.9292291791328,1241.6613040269656,1288.7194187952457,1271.9000717639924
2016-04-04,1218.0,2,1188.2657135283678,1224.497761993854,1252.8501482307308,1256.7000596523285,1172.6675576444843,1229.3762293904117,1276.739926581082,1238.8999342918396,1180.8414515673965,1242.1556118457518,1301.9133181164889,1273.4000279903412
2016-04-05,1228.4,2,1207.790920412583,1229.487614160946,1259.3244800012333,1259.4000617980955,1191.527226998839,1234.2077195398715,1282.606961245907,1242.20004734993,1190.554476726152,1243.600381437625,1306.619757387865,1276.2000112056733
2016-04-06,1222.5,2,1193.603018613806,1228.629556638254,1262.1471889628283,1246.800017058849,1170.88701246856,1237.1747061116855,1290.459381078742,1249.1999539732933,1169.9208446670316,1239.5268228438051,1325.0891649564448,1273.700062930584
2016-04-07,1236.2,2,1212.7995304149747,1239.424287339218,1272.5113287371455,1224.9999968290329,1196.700702870157,1251.805286566278,1305.9343735610223,1265.5000017166135,1194.390434445458,1260.6804162778917,1338.4321938878202,1254.1999366760251
2016-04-08,1242.5,2,1208.8795719375023,1236.2988449150876,1279.884488869975,1233.1000164151192,1188.844228685654,1240.330471942052,1301.47772625299,1289.1999799013138,1196.443871219419,1262.16809667067,1320.1013738518434,1252.4000284075737
2016-04-11,1256.7,2,1226.4808856138843,1254.4676479315913,1293.8925241968484,1233.5999986052514,1209.7135110676488,1263.4976449417495,1319.5276500434838,1294.6999854326248,1214.6623277738788,1281.0585856829262,1343.9185847265778,1251.1000155508518
2016-04-12,1259.4,2,1235.8183761172816,1262.429161883549,1286.9426102419732,1253.000015330315,1226.2566735234109,1263.5600257122694,1307.3446711520126,1290.7000071287157,1234.8082034095394,1283.8310595604494,1324.0394245316022,1228.899972188473
2016-04-13,1246.8,2,1211.0449304549084,1241.4738866116086,1284.2438018070666,1253.200013923645,1192.8277364347198,1237.41663803932,1308.4424292615824,1273.3000112056732,1218.1487531774085,1271.5468608904814,1313.7882309552122,1223.4999957561492
2016-04-14,1225.0,2,1199.5295760669233,1223.7225999604286,1259.8100773047709,1248.9999651908877,1185.652884100336,1228.0629108419744,1285.2344787843292,1271.400010585785,1202.324703707137,1248.9617700639972,1299.3751036568135,1220.0999900698662
2016-04-15,1233.1,2,1203.3599531221842,1230.8975854086332,1271.2154830067896,1228.7000130474569,1185.8030143503768,1239.4221811171983,1293.9044610720546,1292.8999863743782,1195.4497139691034,1254.546666623908,1315.695409310548,1213.8000321745872
2016-04-18,1233.6,2,1189.0245849777657,1230.177836825365,1285.6655534420877,1238.9000661849975,1159.3157284675642,1240.3862437632588,1321.1538297153616,1265.5999528884886,1166.051185081764,1256.9449273493883,1351.9949549617972,1214.799992752075
2016-04-19,1253.0,2,1206.3120556538645,1242.803997666192,1305.5953279251976,1242.2000064849854,1174.533538645264,1251.308313636849,1337.7800547715776,1263.9000709056854,1185.1541560849746,1274.2823574499585,1363.12087570507,1211.9000080823898
2016-04-20,1253.2,2,1223.6205064364308,1254.9555214250768,1302.786791696485,1249.2000002384186,1202.3934645480513,1268.5780543879218,1338.4926595946013,1274.5999613761903,1196.0017979443558,1268.3172452012564,1366.1998769536567,1209.7999652385713
2016-04-21,1249.0,2,1217.9457842797026,1245.4969562464576,1292.9193271280733,1265.4999582767489,1195.2907266009388,1256.7613638793382,1320.754077713768,1270.2999515533447,1204.331124390917,1268.288990267,1346.3923442017342,1240.1000310778618
2016-04-22,1228.7,2,1198.4362274784314,1224.777418695126,1272.664880754891,1289.200007736683,1174.5914149980138,1234.022476502715,1299.1117781609892,1271.8999997138978,1186.4206117829035,1244.8103551989957,1321.840724348789,1244.6000243067742
2016-04-25,1238.9,2,1205.09169955613,1235.5066151663802,1285.9038035085591,1294.7000701308252,1179.8347615919397,1245.5081689701124,1317.201040682265,1273.4000076293946,1192.704117096377,1258.824694815817,1341.9024199361625,1244.400063288212
2016-04-26,1242.2,2,1209.259305633168,1238.132554594756,1289.9769837721933,1290.7000405788422,1184.2902153739335,1249.6944628662195,1323.428357699343,1276.200020813942,1193.14972622016,1261.8337837698352,1349.1341833129443,1259.7999637365342
2016-04-27,1249.2,2,1219.8736428855957,1245.1000936048683,1299.0183788039071,1273.3000093460084,1198.470735526444,1260.1753085700586,1337.9811474670732,1273.6999983787537,1200.697717475332,1269.2776773451878,1362.2247297658737,1270.2000198841097
2016-04-28,1265.5,2,1231.8684868541577,1261.5777952073352,1316.3782022124135,1271.39995855093,1206.1457294683526,1275.3874218849382,1353.6165871775722,1254.2000308036804,1212.717133901048,1285.8877479843966,1381.4400352924742,1273.4000518918035
2016-04-29,1289.2,2,1257.8463718889564,1284.4310302330964,1338.125414295775,1292.8999571323395,1230.0259980425772,1296.7401729435132,1371.07017165602,1252.3999881505968,1238.468524639921,1305.2467039444052,1399.4137765954868,1284.3999683856964
2016-05-02,1294.7,2,1262.373849563705,1289.368808595348,1342.763546335888,1265.5999914944173,1238.0338215398683,1303.2869152339024,1378.0500015769178,1251.1000320732594,1247.481094133476,1317.5189759066336,1405.6347032648407,1285.6000206768513
2016-05-03,1290.7,2,1260.8338359283111,1286.6372245330822,1336.4642250032489,1263.8999908268452,1237.033929379483,1299.1910410341757,1368.8116820604344,1228.8999840140343,1244.957245436725,1310.4374766716958,1396.1634080186666,1285.7999882757665
2016-05-04,1273.3,2,1241.682032790764,1268.4235913128089,1320.3731204802589,1274.6000743985176,1217.230063470112,1282.5563951933193,1353.7767955076415,1223.5000164449214,1224.2768223937614,1294.211920577864,1382.6450051926126,1296.0999504089357
2016-05-05,1271.4,2,1239.465931714619,1265.6026095498255,1318.134827366007,1270.3000337719918,1216.4756145559877,1280.6332913464244,1351.8766079227537,1220.099969816208,1224.1822660734208,1294.741129146522,1379.9114794998868,1292.4999515533448
2016-05-06,1292.9,2,1262.9117398122503,1287.7393640036653,1335.2761756661637,1271.899989360571,1243.2862777050057,1298.4155826750984,1366.1045906040824,1213.7999984562398,1253.866553139816,1316.985947284145,1388.4898900591195,1289.999971008301
2016-05-09,1265.6,2,1238.2999129222358,1257.2870892537608,1304.8883453111432,1273.4000450134276,1218.240577291301,1267.8424940744474,1331.3865392382809,1214.799981498718,1221.7211431690946,1283.9898957909104,1354.0636263361275,1270.4999973297115
2016-05-10,1263.9,2,1229.1499659305102,1255.1890451021784,1305.5531612441025,1276.199983549118,1207.1539656863245,1262.6920882101967,1333.7890980659174,1211.8999648153783,1214.6576896096865,1286.1923555194105,1354.5186771867918,1267.999994516373
2016-05-11,1274.6,2,1246.8420850454374,1270.1257040949313,1313.8578782026432,1273.700034737587,1228.8000467700087,1278.5529866072472,1340.3881786431907,1209.7999940276145,1240.1875263822278,1296.2076747283093,1359.9599599466796,1261.1999685168266
2016-05-12,1270.3,2,1241.591396692972,1265.3719367878332,1311.1658571673488,1254.2000236332417,1219.7822303199937,1274.9327550947182,1339.0626738789722,1240.1000038862228,1224.214592415139,1288.3795322726455,1364.0163212309535,1319.9999895930289
2016-05-13,1271.9,2,1230.043378056825,1264.0644241037753,1320.9098783009565,1252.40000821352,1201.32790108092,1270.3294149123485,1351.4491617685678,1244.6000266611577,1214.341296523081,1292.509918546624,1373.541139073148,1322.499998903275
2016-05-16,1273.4,2,1239.607610829905,1268.0320532099563,1321.5607862713812,1251.1000375390054,1208.8189938216678,1278.5829622008778,1352.7870312490804,1244.399991977215,1209.9853616420828,1285.74636214317,1384.470537132262,1315.2999903917314
2016-05-17,1276.2,2,1247.6705403039066,1274.2565897036368,1319.692352597244,1228.8999678969385,1224.838262240253,1288.709807311447,1350.5432275381957,1259.800010418892,1225.04184659139,1295.212481750832,1383.5407013795516,1323.900070810318
2016-05-18,1273.7,2,1241.9536930355105,1272.740074144573,1318.0869207028966,1223.4999970197678,1220.1255288723812,1288.5883173365282,1352.181889204377,1270.2000082612035,1219.9180224156455,1298.4591034909245,1387.487053327362,1318.400015962124
2016-05-19,1254.2,2,1222.391002971881,1254.2593026576412,1296.2739733476024,1220.099984240532,1203.245902958207,1267.3035196002893,1329.0135781010204,1273.4000693798066,1207.8036805689733,1281.424108699832,1359.5573756085705,1336.699985074997
2016-05-20,1252.4,2,1223.9225586043765,1253.500637324126,1292.7099389616951,1213.7999717712405,1205.5119651356797,1266.9759979685048,1326.3576791019402,1284.400024175644,1206.339927263619,1278.364423470582,1358.7450099117868,1356.4000412464145
2016-05-23,1251.1,2,1222.244692764686,1252.9234796180094,1289.8353629183678,1214.7999988436698,1205.8711612458912,1262.732049305847,1321.9131271149863,1285.5999974012375,1213.500030739619,1278.874298661687,1348.2385862672006,1364.8999391198158
2016-05-24,1228.9,2,1202.8735382766354,1231.5937202057314,1265.135991291995,1211.8999838352204,1189.186861166725,1242.3118693064714,1294.2037171112574,1285.8000403165818,1192.2300104978065,1253.7359497641232,1322.9988333598822,1360.1000316858292
2016-05-25,1223.5,2,1203.7690730879972,1226.2405365613538,1252.5065077081206,1209.799995571375,1195.2116700422462,1231.2534845552154,1276.7804264714769,1296.1000106930733,1206.2023125997362,1248.9810748237974,1293.5898793528536,1356.5999466776848
2016-05-26,1220.1,2,1199.7600051165557,1222.2232365450295,1248.9017101048912,1240.100015580654,1191.746772326726,1226.452943175555,1271.8161760709324,1292.5000069499015,1205.3574517094287,1245.9543231043651,1286.3269146260684,1355.000001096725
2016-05-27,1213.8,2,1192.5476028967023,1216.923222113404,1243.6548346376806,1244.6000407218933,1183.080408345602,1222.2151552819712,1268.2757065742971,1289.9999316215517,1193.5046457932276,1239.5087224758263,1286.3752376753573,1334.1000162363052
2016-05-31,1214.8,2,1190.5117534787846,1218.8617856899746,1247.014996536723,1244.3999873161315,1179.0976643597137,1224.1804747976778,1274.2167618052242,1270.5000749588012,1189.95580323346,1241.9338407525702,1294.221005721657,1342.399929666519
2016-06-01,1211.9,2,1187.3133839593163,1215.803033178181,1244.3261751475018,1259.7999529242516,1175.4470269319029,1222.1759493980571,1270.8467346623534,1268.0000552535057,1184.1353935094032,1238.3570864594878,1292.6445685749804,1331.300048840046
2016-06-02,1209.8,2,1189.4136384372007,1212.1125152482707,1240.9185153693456,1270.1999494075774,1178.5796430198502,1219.330706169376,1268.1995552637577,1261.1999378442763,1186.0916177570905,1234.7052068819642,1288.8162167207863,1326.5000297546387
2016-06-03,1240.1,2,1212.0164952773823,1246.29729169474,1274.3961937075655,1273.4000666737556,1199.4492240901743,1249.6289119504684,1304.2807469609832,1319.9999366760253,1214.0385631210138,1270.30885265213,1324.1468051456304,1328.40001475811
2016-06-06,1244.6,2,1214.5836694932348,1247.2231964180417,1282.6682825328471,1284.399981021881,1202.5951603653984,1251.1242043536815,1314.5849897556125,1322.499962854385,1223.791555010779,1275.2639526981598,1330.990678707276,1331.499958562851
2016-06-07,1244.4,2,1221.1905343355295,1251.12404214069,1274.5573245494272,1285.6000352382662,1215.326929827499,1251.7676313571026,1300.9053434949217,1315.2999954700472,1233.8435741847732,1272.9916440290683,1315.6855820034082,1318.8000247478485
2016-06-08,1259.8,2,1234.9273559207795,1269.0759763792682,1290.9503154063707,1285.8000389575957,1231.3823021631515,1270.2723589575735,1316.669319031803,1323.900069475174,1247.3470261669656,1287.390569178391,1336.3849720625385,1330.5000239133835
2016-06-09,1270.2,2,1248.2334342387655,1281.4472951213234,1298.0302224173656,1296.100026512146,1239.5779430112916,1283.669492408438,1324.2867661723233,1318.4000510931016,1245.9255580149563,1298.231081411095,1348.006440653343,1323.099965286255
2016-06-10,1273.4,2,1251.5646699967313,1280.6382112999047,1300.5746244189295,1292.5000709772112,1247.9948260782298,1278.7211851064496,1323.9235167475545,1336.6999999761583,1263.380443172992,1299.526342996944,1338.6067974815614,1319.2999496221544
2016-06-13,1284.4,2,1267.7744648579824,1290.8600431002103,1311.6219607781527,1289.9999333381654,1258.730416179401,1299.5540119847235,1337.2157682534591,1356.4000397205357,1261.5448764543917,1312.6590094302076,1359.4468622170498,1320.7000436306
2016-06-14,1285.6,2,1268.3749416102758,1294.0664395029744,1313.3299942686526,1270.4999691486355,1259.3739375103353,1303.8185277793991,1339.2779799319712,1364.900046825409,1256.7575881161342,1312.12258689978,1367.490661880395,1326.599974155426
2016-06-15,1285.8,2,1271.1191335956255,1297.115246238472,1308.5978173897988,1267.9999809265137,1278.6544609424172,1300.3070894986447,1323.4296150094713,1360.099996948242,1283.0939307024055,1305.2508959839931,1347.9441655666392,1332.300036048889
2016-06-16,1296.1,2,1277.1332746933542,1303.9025351478558,1324.9184022555276,1261.1999999105929,1277.117401803269,1311.7274903083346,1346.3138935261047,1356.600059700012,1284.1744420277523,1321.3238891755934,1370.0418154643294,1349.0000069975852
2016-06-17,1292.5,2,1273.5418529731214,1294.6629094785228,1323.8951532472615,1319.9999967217443,1265.1583999092836,1305.44479277297,1350.0170323019436,1355.0000485777855,1272.6598894953345,1320.2975805815065,1370.4842570527562,1351.400015950203
2016-06-20,1290.0,2,1272.9693390325106,1293.789029707258,1317.3549153725178,1322.5000154972076,1265.247315679676,1301.184156348168,1340.1190497406533,1334.0999472141266,1271.1883362402343,1316.0534705611822,1359.6035627943895,1364.3999862670898
2016-06-21,1270.5,2,1256.2180922295329,1275.9674100876805,1294.2805013675816,1315.3000536561012,1250.7450350644483,1281.759440045544,1315.3998949241125,1342.399968802929,1258.9026678983437,1298.2362986310193,1330.7905038359531,1356.1000186800957
2016-06-22,1268.0,2,1253.309636827992,1273.5385076764471,1291.3284380847078,1323.8999638557434,1248.70241017978,1277.8193731655083,1311.168316444965,1331.30002450943,1258.0197241247151,1294.7525205983438,1325.8610789467623,1358.7999353408811
2016-06-23,1261.2,2,1244.0832832545325,1266.1614202502926,1287.26057184678,1318.4000247001647,1237.1452003941895,1272.032100363684,1308.828852153429,1326.4999561786651,1243.4840214084586,1286.7666729623973,1327.782069957036,1336.3999893665314
2016-06-24,1320.0,2,1302.307263856065,1322.731053796925,1348.218312807315,1336.70006275177,1294.2349114428448,1330.9299016399766,1371.210541938097,1328.3999919891355,1303.4812303946294,1348.7828350912405,1387.9222902162787,1333.3999872207642
2016-06-27,1322.5,2,1305.4441323250462,1325.7867402262784,1351.073020225681,1356.399928033352,1296.9699569910558,1334.551558507001,1374.8430336884512,1331.5000101923945,1300.5157955361865,1347.9568818459766,1396.9063582369652,1338.9999398589134
2016-06-28,1315.3,2,1295.7463286853065,1319.0608728177665,1344.619244888636,1364.900055873394,1287.1058623460992,1326.3375242103764,1367.6282441494438,1318.799999833107,1292.0287475576854,1340.349725638761,1390.0093265972157,1344.3000434160233
2016-06-29,1323.9,2,1303.7765950554883,1324.2232859442845,1356.1433903259915,1360.1000749826433,1293.1840292294874,1334.0792486623773,1381.6789314404082,1330.499923861027,1300.04171177978,1350.018054071695,1402.6813517664057,1342.5000149846078
2016-06-30,1318.4,2,1297.7522763738489,1321.7686491785676,1348.3907583918487,1356.6000244140623,1288.8734967862838,1328.145779521132,1372.9106211852252,1323.100035095215,1300.7383783870655,1347.6286290478745,1389.730449113815,1335.799952697754
2016-07-01,1336.7,2,1315.3696860975676,1340.524471477593,1368.2211039787346,1355.0000534534454,1304.9256434189433,1348.4743414483885,1395.0835415660438,1319.3000183999538,1314.5521435774365,1366.7615949174058,1414.6939953467531,1340.2999687194824
2016-07-05,1356.4,2,1333.8999319044156,1358.5660146001017,1390.3147015384775,1334.1000103712083,1321.4294867086526,1369.567254254245,1418.3281554755652,1320.6999825239182,1328.9321298410052,1386.8192497816074,1440.3255178026795,1350.4999744653703
2016-07-06,1364.9,2,1339.735312713824,1373.2884924917282,1399.9984991750518,1342.3999819278715,1324.139579741103,1387.4480348230186,1428.5229324269706,1326.5999851465226,1311.2984548125537,1389.2372719252608,1471.463208889416,1342.7000168800355
2016-07-07,1360.1,2,1332.885394626178,1370.2958813195885,1393.954278317472,1331.300008058548,1319.5572736780512,1378.219150424045,1422.065778425933,1332.2999852597711,1318.4436732949484,1388.316531564849,1455.937360719152,1351.2000002384184
2016-07-08,1356.6,2,1334.9526044132826,1364.125486808194,1387.167189353282,1326.4999911546706,1324.6515963610727,1371.4119751941537,1414.081382399017,1349.0000004529952,1329.8161786942994,1386.4410902043337,1438.3680832818209,1340.4000094771384
2016-07-11,1355.0,2,1330.7115460935431,1363.792944052651,1384.3483805237886,1328.400037586689,1321.9108242241462,1368.746596566158,1405.74749956159,1351.4000123739245,1326.579599824782,1382.6218594628072,1431.2898661905708,1337.6999652385712
2016-07-12,1334.1,2,1310.8943199394273,1340.8493221492593,1362.1907549466375,1331.499981755018,1304.2138668888692,1342.916406631236,1382.4390832205154,1364.4000688791275,1317.483534174484,1362.6938751922492,1399.5573297430274,1340.600005853176
2016-07-13,1342.4,2,1316.2847056460955,1350.4022897804582,1373.0603445018828,1318.8000044822693,1311.5355500973014,1352.4380757470014,1394.2466080556053,1356.1000329971314,1326.5216185887953,1371.0073646742255,1413.634731265818,1324.3999735832217
2016-07-14,1331.3,2,1311.4804961662437,1336.7691357516148,1360.8208206366023,1330.499976527691,1300.636810933407,1348.2999201546586,1385.2420460282108,1358.7999538302422,1303.364078461365,1362.1269061997848,1408.581815017347,1320.0999887943267
2016-07-15,1326.5,2,1295.8898824866048,1334.0119832113016,1360.5137713729512,1323.1000227332115,1284.4607358114288,1336.707865508656,1385.9366947724393,1336.399957060814,1299.4590237922366,1358.0375630482274,1406.5630301922629,1321.4999729692936
2016-07-18,1328.4,2,1297.9566727870676,1334.9357570268005,1361.940068370228,1319.2999793529511,1287.8159649980707,1335.4992691775074,1386.9374633035482,1333.3999835014345,1308.9305554446514,1361.1468549094673,1402.1453352443,1322.9000023126605
2016-07-19,1331.5,2,1299.1905890233695,1338.9170783094532,1364.150521941997,1320.699965327978,1290.0943810170509,1337.6623452867225,1386.0199956027905,1339.000017464161,1314.1006605856276,1365.196254459823,1399.1736357992318,1311.6999761164188
2016-07-20,1318.8,2,1288.1487407135414,1326.5148781163575,1350.8084047034042,1326.5999762535096,1279.389891394896,1326.0895703505812,1373.081806253176,1344.2999828338625,1300.5199697786231,1351.2454958800056,1388.0025260529512,1306.8999818086625
2016-07-21,1330.5,2,1302.3174729998502,1337.5072262594492,1360.6133013487613,1332.3000417351725,1295.2547034126871,1335.8008994440834,1381.8036761066935,1342.4999610185623,1318.9958112706868,1362.9996993029051,1392.947712785524,1312.1999722123146
2016-07-22,1323.1,2,1297.791686428659,1329.2921862552694,1351.7381097751877,1348.9999976992606,1292.0003149343115,1327.29426790702,1372.8599560283558,1335.7999245762824,1316.3413898396432,1354.8022104241456,1381.9381422545366,1322.1000183582305
2016-07-25,1319.3,2,1286.6470782322438,1327.2366945367107,1352.4242749203815,1351.4000107765198,1279.6870051815297,1325.40799386323,1374.4387661195217,1340.3000099897383,1305.563799738418,1352.5094879186806,1387.3856676863527,1349.3999723792076
2016-07-26,1320.7,2,1291.2140647884814,1324.9824580026984,1353.4091005282146,1364.40006762743,1282.3036350892671,1325.2831057918763,1376.0041986530412,1350.5000306248664,1306.4053354522716,1352.900651826712,1387.375065090495,1344.3000548958778
2016-07-27,1326.6,2,1295.2290250804765,1333.172283664138,1361.4001211119964,1356.10000333786,1283.3868381401917,1336.2715765089806,1386.6975401129366,1342.7000688314438,1299.1905825187353,1358.221092981401,1406.8857474454885,1336.8000681638716
2016-07-28,1332.3,2,1297.1116448359007,1333.5490321675322,1375.3662205902258,1358.8000166773795,1277.314220363565,1348.6649681350675,1403.937671574222,1351.2000406622883,1276.91328246773,1359.5533044703898,1440.3282067802993,1330.0999902248382
2016-07-29,1349.0,2,1323.2744920890996,1352.3751301888392,1383.4050149907264,1336.400034248829,1311.4266343677668,1359.913493271118,1409.7236897583773,1340.400024652481,1320.1199711755326,1377.0895242427555,1433.094470766934,1320.9999867677689
2016-08-01,1351.4,2,1329.9437709968524,1357.173693234825,1377.619042647356,1333.4000380516054,1325.5291257111533,1357.949033628321,1395.2125348772208,1337.7000235915184,1342.0156324635805,1379.9488137374494,1408.2366970485948,1319.0000040531158
